domain,method
wurth-international.com,clearbit
tupperware.at,clearbit
ymcasteuben.org,clearbit
astrazeneca.ua,clearbit
ebay.cn,clearbit
ovb.ro,clearbit
autosecuritas-ct-seysses.fr,clearbit
toyota-buchreiter-eisenstadt.at,clearbit
ccusa.co.nz,clearbit
stanbicbank.co.zw,clearbit
mazda-autohaus-hellwig-hoyerswerda.de,clearbit
greatplacetowork.com.bo,clearbit
nobleprog.mx,clearbit
avis.cr,clearbit
engie.co.uk,clearbit
lidl.com.cy,clearbit
synlab.com.tr,clearbit
freseniusmedicalcare.ca,clearbit
cafelasmargaritas.es,clearbit
bakertilly.lu,clearbit
affidea.ba,clearbit
aamcoanaheim.net,clearbit
deheus.com.vn,clearbit
renault-tortosa.es,clearbit
aamcoconyersga.com,clearbit
baywa-re.es,clearbit
julis-sh.de,clearbit
oil-testing.de,clearbit
menschenfuermenschen.at,clearbit
europa-union-sachsen-anhalt.de,clearbit
wurthsaudi.com,clearbit
aamcoseguin.com,clearbit
pirtek.be,clearbit
allianz.nl,clearbit
mazda-autohaus-kaschmieder-waren.de,clearbit
zkteco.vn,clearbit
bakertilly.es,clearbit
intertongn.es,clearbit
unicharm.com.br,clearbit
berlitz-augsburg.de,clearbit
esseskincare.sg,clearbit
secureparkinghi.com,clearbit
rsmpoland.pl,clearbit
trinkgutlippstadt.de,clearbit
mazda-autohaus-lackmann-sendenhorst.de,clearbit
avoncameroun.com,clearbit
savethechildren.ca,clearbit
menicon.de,clearbit
orient-food.sk,clearbit
linde-gas.fi,clearbit
svnefird.com,clearbit
svntrinity.com,clearbit
mateco.nl,clearbit
mazdaofamarillo.com,clearbit
equans.hu,clearbit
williamblairfunds.com,clearbit
noiseassessments.org,clearbit
mazda-autohaus-roessel-birkenau.de,clearbit
plameco-hannover.de,scrap_logo
aamcodelran.com,clearbit
mazda-poznan-voyager.pl,clearbit
kapanfastigheter.se,clearbit
rheine.schule,clearbit
kalyanmachines.com,clearbit
bioderma.co.za,clearbit
kia-suedmobile-radolfzell.de,clearbit
linexps.com,clearbit
kia-moeller-wunstorf.de,scrap_favicon
renaultsanzhispano.es,clearbit
avia.ch,clearbit
linde-gas.at,clearbit
worldvision.ca,clearbit
adecco.cl,clearbit
cdviberica.com,clearbit
bmw-motorrad-euromotos-lyon.fr,scrap_logo
wurth.co,clearbit
daikin.ge,clearbit
nestle.com.vn,clearbit
veolia.com.ru,scrap_logo
toyotanatas.com.tr,clearbit
mazda-autohaus-henseler-schwedt.de,clearbit
ibc-solar.pl,clearbit
mazda.de,clearbit
zalando.dk,clearbit
crocs.co.id,clearbit
daikinkuwait.com,clearbit
daikin.com.sg,clearbit
spitex-regionbirs.ch,clearbit
aamcosalemor.com,clearbit
mazda-autohaus-hansmann-kassel.de,clearbit
einhell.ba,clearbit
spitex-wasseramt.ch,scrap_favicon
ibc-solar.jp,scrap_favicon
xella-colloquium.berlin,scrap_logo
linexofschererville.com,clearbit
flashbay.ca,clearbit
webster.nl,clearbit
compo.de,clearbit
pingusenglish.com.tr,clearbit
aamcowilliamsportpa.com,clearbit
pkf-hk.com,clearbit
subaru.jp,clearbit
besins-healthcare.se,clearbit
renaultmerida.com.mx,clearbit
allianz-kuhlemann.de,clearbit
engie.pt,clearbit
veolia.fr,clearbit
medef-alsace.com,clearbit
tbwa.co.za,clearbit
peugeot.sk,clearbit
siebtechnik-tema.cn,clearbit
mazdabali.co.id,clearbit
intersport-rent.fr,clearbit
santillana.com.hn,clearbit
mazda-autohaus-wassing-ahaus-wuellen.de,scrap_favicon
aamcocatonsvillemd.com,clearbit
rsmthailand.com,clearbit
strabag-pfs.com,clearbit
aamco-councilbluffs.com,clearbit
pcllawyersfrankston.com.au,clearbit
meggle-bakery.com,clearbit
nutriciababy.be,clearbit
ford.pl.ua,scrap_favicon
adra.org.pe,clearbit
inductotherm.co.kr,clearbit
nestle.ch,clearbit
renault.dk,clearbit
wurth.com.uy,clearbit
culliganwi.com,clearbit
veolia.ca,clearbit
crocs.com.uy,scrap_logo
vitalimages.com,clearbit
amnesty.is,clearbit
meggle.co.jp,clearbit
engie.cl,clearbit
bauder.lt,scrap_favicon
cvjm-pfalz.de,scrap_logo
linde-finance.com,clearbit
linde.pe,clearbit
brother.com.pe,clearbit
narscosmetics.es,clearbit
bbraun.rs,scrap_logo
renaultrycauto.es,clearbit
ikea.com.hk,clearbit
wurth-international.com.cn,clearbit
catsprotectionshop.co.uk,clearbit
mazda-autohaus-becker-homburg-bruchhof.de,clearbit
culliganheartland.com,clearbit
medef-artois.fr,clearbit
sephora.pl,clearbit
sherwin-williams.com.ec,clearbit
daikin-ksa.com,clearbit
culligantotalwater.com,clearbit
kierpensions.co.uk,clearbit
bakertilly.ci,clearbit
linak.nl,clearbit
allianz-rose.info,clearbit
taylorfarmsdeli.com,clearbit
actemium.ch,clearbit
grantthornton.com.sv,clearbit
chip.pl,clearbit
bakertilly.ky,clearbit
bakertilly.com.pa,clearbit
vkf-renzel.com.tr,clearbit
isover.hu,clearbit
fleishmanhillard.cn,clearbit
bauder.at,clearbit
zktecoma.com,clearbit
aamcotulsa-memorial.com,clearbit
azets.ie,clearbit
mazda-autohaus-sturne-rochlitz.de,scrap_favicon
lidl.lt,clearbit
mooresingapore.com,clearbit
urmet.com.br,clearbit
ccusa.com.au,clearbit
mazda-autohaus-blank-dinkelsbuehl.de,scrap_favicon
toysrus.com.sg,clearbit
aamcopasadenatx.com,clearbit
manpowergroup.no,clearbit
mapfre.pr,clearbit
medef-bearnetsoule.com,clearbit
kia-gorny-eislingen.de,scrap_favicon
modshair-nuernberg.de,clearbit
moore.swiss,clearbit
ccusa.hu,clearbit
cdu-aldenhoven.de,clearbit
axabreakdown.co.uk,clearbit
crif.pl,clearbit
renaultchiva.com,scrap_favicon
panpuri.fr,clearbit
despec.eu,clearbit
savethechildren.mx,clearbit
aamcobloomfield.com,scrap_logo
algordanza.com.au,clearbit
carglass.rs,clearbit
autosecuritas-barlin.fr,scrap_logo
nutricia.nl,clearbit
toofacedcosmetics.jp,clearbit
linexaus.com.au,clearbit
berlitz-dublin.ie,clearbit
julis-nuernberg.de,clearbit
spitex-wiggertal.ch,scrap_favicon
linak.com.br,clearbit
wurth.fi,clearbit
daikincareers.com,clearbit
linde-electronics.com,scrap_logo
worldvision.bo,clearbit
pkf.co.in,clearbit
affidea.pt,clearbit
daikintexastechnologypark.com,clearbit
rubiomonocoat.com.au,clearbit
mitsubishi-motors.com.om,clearbit
mazda-autohaus-tabbouch-speyer.de,clearbit
ecslupsk.pl,scrap_favicon
kumonla.com,clearbit
infiniti-bahrain.com,clearbit
linde-gas.nl,clearbit
engie.de,clearbit
aamcofeastervillepa.com,clearbit
scte-prod.herokuapp.com,clearbit
spie.lu,clearbit
mazda-autohaus-haese-erkrath-hochdahl.de,clearbit
subaru.nc,scrap_logo
savethechildren.it,clearbit
saint-gobain.ru,clearbit
ikea.es,clearbit
daikin.com.vn,clearbit
nobleprog.co.th,clearbit
aamcowintervillenc.com,clearbit
mazda-autohaus-sturne-grimma.de,scrap_favicon
veolia.in,clearbit
wurth.ua,clearbit
einhell.hr,clearbit
metlife.co.kr,clearbit
aamco-newbraunfels.com,clearbit
berlitzph.com,clearbit
seasonsrehab.in,scrap_favicon
fmc-mexico.com,clearbit
mitsubishielectric.cz,clearbit
spitexaadorf.ch,scrap_logo
intersport-arc1950.com,scrap_logo
toyotafocsani.ro,scrap_favicon
mazda-autohaus-fenzl-hauzenberg.de,scrap_favicon
mazdalakeland.com,clearbit
ikea.com.tr,clearbit
ford.vn.ua,scrap_favicon
honda-pirola.com,scrap_favicon
mazda-rzeszow-czach.pl,clearbit
ymca-cnw.org,clearbit
veolia.pt,clearbit
edenred.es,clearbit
renaulttlalnepantla.com.mx,clearbit
dulux.pl,clearbit
chicco.pl,scrap_favicon
immunospot.eu,clearbit
greatplacetowork.com.cy,clearbit
ebayglobalshipping.com,scrap_favicon
misterwhat.nl,scrap_logo
orange.sn,clearbit
rotaryclubofessex.com,scrap_logo
bakertilly.dk,clearbit
renaulttersa.com.mx,scrap_logo
mazda-autohaus-banaszak-kleve.de,clearbit
bakertilly.ke,clearbit
araihelmet.com,clearbit
globalconnectgroup.com,clearbit
aamcosuffolkva.com,clearbit
nestle.mk,clearbit
aamcofortworth.com,clearbit
mazda-autohaus-elstner-jena.de,clearbit
mazda-autohaus-kilger-regen.de,scrap_favicon
linde-gas.ee,clearbit
servier.com.ar,clearbit
thebodyshop.si,scrap_logo
kia-mueller-genthin.de,clearbit
moog.co.uk,clearbit
rotary-bulgaria.org,clearbit
carglass.gr,clearbit
murrelektronik.sk,clearbit
cfmotoperu.com,clearbit
mazda-autohaus-dorner-riedlingen.de,clearbit
aamcometuchen.com,clearbit
mercyships.se,clearbit
kia-plt.ru,clearbit
lamborghini-zh.ch,clearbit
secureparking.co.id,clearbit
solatube.se,clearbit
papasaveriospizzeria.com,scrap_favicon
carglass.cz,clearbit
renaultsancosme.com.mx,scrap_favicon
statkraft.ie,clearbit
kia-moeller-eisenach.de,scrap_favicon
intersport-martinique-guadeloupe.fr,clearbit
bakertilly.bg,clearbit
isic.de,clearbit
allianz-assistance.ie,clearbit
starbucks.co.nz,clearbit
toupret.ch,scrap_favicon
srpb2b.com,scrap_favicon
sto.hr,clearbit
decathlon.ch,clearbit
enterprise.dk,clearbit
carlsjr.com.sg,clearbit
demeter-bw.de,clearbit
toyotaaktoy.com.tr,clearbit
mazda-angola-autozuid.com,clearbit
africell.ao,clearbit
santillana.com.uy,clearbit
bestrucksofmn.net,scrap_logo
airbnb.rs,scrap_favicon
crocs.ch,clearbit
bonprix.nl,clearbit
cdlbarreiras.com.br,clearbit
pearsonclinical.co.uk,clearbit
mcdonalds.co.za,clearbit
tupperware.co.kr,clearbit
ikea.ee,clearbit
ford.if.ua,clearbit
mazda.fi,clearbit
toyotagocmenturk.com.tr,clearbit
veolia.pl,clearbit
baywa-re.vn,clearbit
worldvision.org.nz,clearbit
bioderma-sk.com,clearbit
toysrus.com.my,clearbit
aviapolska.pl,scrap_logo
mcdonalds.md,clearbit
medef-corse.com,clearbit
mazda-service-koch-ludwigsfelde.de,scrap_favicon
aamcoconwaysc.com,clearbit
murrelektronik.be,clearbit
decathlon.hu,clearbit
jungheinrich.com.sg,clearbit
culliganwatertreatment.com,clearbit
bbraun.ae,clearbit
isover.se,clearbit
synlab.com.gh,clearbit
culligantulsa.com,clearbit
toyotabacau.ro,scrap_favicon
grantthornton.com.ve,clearbit
rutscherlebnis.at,clearbit
adecco.com.sg,clearbit
modshair-bielefeld.de,clearbit
aamcoeverett.com,clearbit
reedglobal.hu,clearbit
mazdaoforange.com,clearbit
reedglobal.pl,clearbit
actemium.pt,clearbit
pearsonclinical.ca,clearbit
mazda-autohaus-buelo-naumburg.de,scrap_favicon
kiamarin.com,clearbit
medef-sarthe.fr,clearbit
mazda-autohaus-ludwig-halle-neustadt.de,scrap_favicon
aamcoclaymontde.com,clearbit
bosch-industry-consulting.com,clearbit
bakertilly.lv,clearbit
aamcosantaclaritaca.com,scrap_logo
nikonschool.de,failed
murrelektronik.hu,clearbit
bbraun.ca,clearbit
flashbay.com.my,clearbit
atalian.pl,clearbit
bakertilly.sg,clearbit
pingusenglish.co.id,clearbit
aamcoeastmesa.com,clearbit
engie-africa.com,clearbit
zalando.no,clearbit
stanbicbank.co.bw,clearbit
veka.pt,clearbit
toysrus.com.ph,clearbit
spitexgossau.ch,clearbit
algeco.sk,clearbit
wuerth.com.hr,clearbit
aamcoparkvillemd.com,clearbit
mazda-autohaus-lotspeich-muenchen.de,clearbit
aamcotulsa-brokenarrow.com,scrap_logo
actemium.com,clearbit
mazda-autohaus-thoss-falkenstein.de,scrap_favicon
veoliawatertechnologies.fi,clearbit
dertour.sk,scrap_logo
flashbay.co.nz,clearbit
yonyou.com.hk,clearbit
mazda.ru,clearbit
aamco-omahasouth.com,clearbit
viacon.no,clearbit
repsol.in.ua,scrap_favicon
veolia.bg,clearbit
adecco.co.th,clearbit
toyota-annecy.fr,scrap_favicon
isover.ua,clearbit
vans.at,clearbit
ford.dn.ua,scrap_logo
globalconnectcarrier.com,clearbit
spitex-region-stockhorn.ch,scrap_favicon
vbh.be,clearbit
benu.ee,scrap_logo
mazda-autohaus-fritsche-grossschoenau.de,clearbit
techtel.com.sg,clearbit
veoliawatertechnologies.pl,clearbit
pragroup.pl,clearbit
cvjm-hemer.de,clearbit
zalando.cz,scrap_favicon
kiaofdaphne.com,scrap_favicon
mazda-sosnowiec-mirai.pl,clearbit
yves-rocher.pt,clearbit
atalian.hu,clearbit
amnesty.id,clearbit
veolia.fi,clearbit
roca.co.th,clearbit
fleishmanhillard.ph,clearbit
avia-belgomine.be,clearbit
nordicpharma.pt,scrap_logo
autosecuritas-ct-notre-dame-doe.fr,scrap_logo
renaultcampeche.mx,scrap_favicon
toyota-rillieux.fr,clearbit
greatplacetowork.se,clearbit
toyota-bauer.at,clearbit
dysartsservicecenter.com,clearbit
pefc.fi,clearbit
aamcoindependencemo.com,clearbit
caspak.co.nz,clearbit
toyotasandikci.com.tr,clearbit
bakertilly.sl,clearbit
papajohns.co.nl,clearbit
spitexzug.ch,clearbit
mazda-ma.com,scrap_logo
veolia.co.za,clearbit
vkf-renzel.ro,clearbit
wwf.no,clearbit
rockvalleyculligan.com,clearbit
shimadzu-la.com,clearbit
infiniti-abudhabi.com,clearbit
mazda-autohaus-mueller-und-thurnes-tholey.de,clearbit
linde.co.th,scrap_logo
tupperware.es,clearbit
aamcoburbank.com,clearbit
demetercs.eu,clearbit
hondasemarangcenter.com,clearbit
sitechsolutions.com,clearbit
subaru-bd.com,clearbit
mazda-krakow-kazokuluzar.pl,clearbit
carglass.hu,clearbit
mazda-autohaus-schindlbeck-straubing.de,scrap_favicon
aamcohialeahfl.com,scrap_logo
toysrus.fr,scrap_logo
pragroup.com.au,clearbit
aonsolutions.com.cy,clearbit
culligansiouxcity.com,clearbit
kia-ci.com,clearbit
kia-crimea.ru,clearbit
einhell.com.ar,clearbit
acuraofwestchester.com,clearbit
lidl-ni.co.uk,clearbit
spitex-oberthurgau.ch,scrap_favicon
veolia.am,clearbit
lindesaude.pt,clearbit
aamcowestbroward.com,scrap_logo
misterwhat.pt,scrap_logo
rationalstock.es,clearbit
bioderma.it,clearbit
bbraun.ph,clearbit
toyotaortakoy.com.tr,failed
spitex-oberfreiamt.ch,scrap_favicon
kuraray.us.com,clearbit
infiniti-dubai.com,clearbit
hyundaiblacktown.com.au,clearbit
salvationarmy.org.sg,clearbit
muvpropiedades.com.ar,clearbit
mazda-autohaus-albstadt-auto-domicil-ebingen.de,failed
myron.ca,clearbit
crocssa.co.za,clearbit
mazda-uae.com,clearbit
mercyships.dk,clearbit
colorflexpackaging.com,clearbit
aamcomissouricitytx.com,clearbit
misterwhat.pl,clearbit
linexcoloradosprings.com,clearbit
propertyfinder.com,clearbit
adlatus-nordwestschweiz.ch,scrap_logo
linde-gaz.pl,clearbit
servier.co.uk,clearbit
manpowergroup.dk,scrap_favicon
cvjm-muensingen.de,clearbit
aamcopompanobeach.com,clearbit
nestle.bg,clearbit
worldvision.org.sv,clearbit
chicco.ru,scrap_favicon
plameco.nl,clearbit
inductothermgroup.com.br,clearbit
wurth.lk,clearbit
mazda-press.com,clearbit
bbraun.lt,clearbit
fattalhotelgroup.com,clearbit
howden.co.il,clearbit
mazda.hu,clearbit
allianz.com.gr,clearbit
lightspeedhq.fr,clearbit
wwf.org,clearbit
linexofwilliston.com,clearbit
bakertillymapema.se,clearbit
honda-rouen.com,clearbit
rotary.hr,clearbit
mazdacity.com,clearbit
fmlogistic.cz,clearbit
bbraun.co.uk,clearbit
lidl-giftcard.eu,failed
kia-kmv.ru,clearbit
mazda-autohaus-doerenkaemper-bad-hersfeld.de,scrap_favicon
etxt.biz,clearbit
adecco.rs,clearbit
savethechildren.or.id,clearbit
julis-muenchen.de,clearbit
culliganquadcities.com,scrap_favicon
intersport.si,clearbit
spitex-waedenswil.ch,clearbit
santander.pt,clearbit
synergie.com,clearbit
mazda-autohaus-boehme-lutherstadt-wittenberg.de,scrap_favicon
santander.de,clearbit
mazda-autohaus-stiefel-muehlacker.de,scrap_favicon
trijit.uk,clearbit
linexofmacon.com,scrap_logo
tevamexico.com.mx,clearbit
mitsubishi-motors.it,clearbit
astrazeneca.hu,scrap_favicon
budget-egypt.com,clearbit
wuerthmarket.ru,clearbit
greatplacetowork.com.pe,clearbit
toshiba-water.com,clearbit
greatplacetowork.co.kr,clearbit
axa.dz,clearbit
allianz-genc.de,clearbit
suttontools.co.nz,clearbit
spitexgaiserwald.ch,scrap_favicon
applebees.com.gt,clearbit
aamcopottstownpa.com,clearbit
eurofins.at,clearbit
brother-slovakia.sk,scrap_logo
sto-ukraine.com,clearbit
bbraun.com.vn,clearbit
mazda-autohaus-wilhelm-huellhorst.de,clearbit
amway.at,clearbit
steinbacher.pl,clearbit
shopee.in,clearbit
aamcosilverspringmd.com,clearbit
axa.ad,clearbit
compassion.es,clearbit
aamco-bellevue.com,clearbit
nordicpharma.nl,clearbit
tgmresearch.vn,scrap_logo
hyundaichullora.com.au,clearbit
zalando.be,clearbit
mazdafwb.com,clearbit
demeter.at,clearbit
chicco.co.nz,scrap_logo
honda.cl,clearbit
rotary-club-paris-se.org,scrap_favicon
toyotakar.com.tr,clearbit
reedglobal.bg,clearbit
axa-assistance.ma,clearbit
intersport.com.cy,clearbit
intersport-courchevel1850.com,clearbit
decathlon.com.tr,clearbit
mazda-autohaus-heider-dresden.de,clearbit
avis.co.mw,clearbit
bakertilly.gt,clearbit
aamcochannelviewtx.com,clearbit
drekopf-kanalservice.de,clearbit
daikin.com.mm,scrap_favicon
mcdonalds.ma,clearbit
airbnb.cz,clearbit
mazdaofspartanburg.com,scrap_favicon
sto-sea.com,clearbit
toyotadolak.cz,clearbit
orange-bissau.com,clearbit
elizabetharden.tw,clearbit
bbraun.se,clearbit
mazda-autohaus-rausch-dresden.de,clearbit
besins-healthcare.nl,clearbit
kia-chita.ru,clearbit
mazda-autohaus-abs-erlangen.de,scrap_favicon
spitex-imboden.ch,scrap_favicon
spitex-hoefe.ch,clearbit
fmlogistic.ro,clearbit
ikea.pr,clearbit
medef-ain.fr,clearbit
decathlon-karriere.de,clearbit
veoliawatertechnologies.fr,clearbit
saint-gobain-glass.es,scrap_favicon
mazda-autohaus-lehmann-senftenberg.de,scrap_favicon
murrelektronik.kr,clearbit
synlab.cz,clearbit
sitechnorthwest.com,scrap_favicon
brother-industrial.md,scrap_logo
islprgac.org,clearbit
sto.fi,clearbit
airbnb.com.pe,clearbit
carlsjr.fr,clearbit
bosch-industrial.com,clearbit
medef-somme.fr,clearbit
fordmediacenter.nl,clearbit
pingusenglish.com.cy,clearbit
ymcawaycross.com,clearbit
murrelektronik.no,clearbit
affidea.lt,clearbit
freseniuskidneycare.ph,scrap_logo
flashbay.fr,clearbit
aamcovinelandnj.com,scrap_logo
saint-gobain-solutions.nl,clearbit
fmlogistic.com.ua,clearbit
nobleprog.ro,clearbit
intersport-grandbornand.com,clearbit
soneparfrance.fr,clearbit
pearsonclinical.com.au,clearbit
servier.pt,clearbit
nutricia.ie,clearbit
demeter-im-westen.de,clearbit
renault.no,clearbit
howdensafetysolutions.com,scrap_logo
intersport.be,clearbit
sans-sans.com.my,clearbit
mtn.com.gh,clearbit
vivaconagua.org.za,clearbit
aamcobrooklyn-ralphave.com,clearbit
savethechildren.org.za,clearbit
worldvision.cl,clearbit
kia-christ-ansbach.de,clearbit
ardex.at,clearbit
vans.com.ar,clearbit
airbnb.com.ar,clearbit
bioderma.com.hr,scrap_favicon
pingusenglish.my,clearbit
mazdaofpottstown.com,clearbit
daikinlebanon.com,clearbit
isover.com.br,clearbit
menicon.com.au,clearbit
toyotabakircilarfethiye.com.tr,clearbit
kawasaki-seufert.de,scrap_logo
toyotacavdarli.com.tr,clearbit
mazda-autohaus-voigtlaender-meyer-hamburg.de,scrap_favicon
veolia.ma,clearbit
fmlogistic.es,clearbit
aamcopinevillenc.com,clearbit
abilways.be,scrap_logo
alcirclebiz.com,clearbit
renault.pe,clearbit
atalian.com.tr,clearbit
avis.com.ph,clearbit
daikinafrica.com,clearbit
wurth.com.vn,clearbit
kia-hotz-gardelegen.de,scrap_favicon
minisoindia.com,clearbit
demeter.ch,clearbit
duracleanservicebybob.com,clearbit
mazda-warszawa-bemomotors.pl,clearbit
daikinegypt.com,clearbit
billygraham.ca,clearbit
kiaonline.dk,clearbit
aamco-omahawest.com,clearbit
allianz.com.ar,clearbit
toyotasarar.com.tr,clearbit
kiaofabilene.com,clearbit
manpowergroup.com.sg,clearbit
nestle.com.tw,clearbit
actemium.at,clearbit
veoliawatertechnologies.es,clearbit
pearsonclinical.es,clearbit
kumonshuppan.com,clearbit
synergiejobs.nl,clearbit
trulynolenalagoas.com.br,clearbit
fleishmanhillard.co.th,clearbit
linde-gas.lv,clearbit
nikonclub.fr,clearbit
fmlogistic.sk,clearbit
toyotaakkoyunlu.com.tr,clearbit
nordicpharma.co.uk,clearbit
bakertilly.lk,clearbit
toyotaotojen.com.tr,clearbit
aamcoinglewoodca.com,clearbit
vkf-renzel.cz,clearbit
stanbicbank.co.zm,clearbit
synlab.hr,clearbit
bakertilly.fr,clearbit
nestle.pl,clearbit
kia-strehle-dresden.de,scrap_favicon
toyotaconstanta.ro,clearbit
toyotagoktepe.com.tr,clearbit
veolia.com.sg,clearbit
benu.nl,clearbit
renaultchiapas.com.mx,clearbit
job-impulse.hu,clearbit
pkffinconta.ro,clearbit
mazda.lt,scrap_logo
bakertillylb.com,clearbit
mcvitiesindia.com,clearbit
savethechildren.org.au,clearbit
ardex.dk,clearbit
plastoplan.pl,clearbit
cdvi.ch,clearbit
ford.te.ua,scrap_favicon
aamcovirginiabeachva.com,clearbit
veoliawatertechnologies.it,clearbit
mapfre.com.ni,clearbit
mazda.ua,clearbit
aliaxis.cz,clearbit
airbnb.com.hk,clearbit
kiaofduluth.com,clearbit
mazda.com.ec,clearbit
greatplacetowork.lu,clearbit
plameco.be,clearbit
hahn-kolb.mx,clearbit
airbnb.com.tw,clearbit
snapologyfranchising.com,clearbit
modshair.co.nz,clearbit
affidea.es,clearbit
kia-asc.ru,clearbit
modshair-mannheim.de,clearbit
pirtek.ie,clearbit
pingusenglish.ac.th,clearbit
isover.bg,clearbit
aamcoroslindalema.com,scrap_logo
kia-bachmann-wehretal.de,clearbit
kia-brass-frankfurt.de,clearbit
linde-gas.sk,scrap_logo
ardex.com.tw,clearbit
brother.com.br,clearbit
svnchicagopm.com,clearbit
wwfchina.org,clearbit
bakertilly-ca.com,clearbit
medef-essonne.org,clearbit
mazda-automobile-weberpals-sonneberg-hoenbach.de,scrap_favicon
europa-union-diepholz.de,scrap_logo
wordans.de,clearbit
carglass.si,clearbit
mazda-autohaus-schmidt-meschede.de,clearbit
storisell.com,clearbit
isover.sk,scrap_logo
engenmauritius.com,clearbit
linak-latinamerica.com,clearbit
decathlon.pl,clearbit
decathlon.ro,clearbit
subaru.com.np,clearbit
aamcoglendaleoldtown.com,clearbit
kilewswest.com,clearbit
dulux.co.zw,clearbit
mazda-autohaus-weber-magdeburg.de,clearbit
servier.hu,clearbit
hyundai.ge,clearbit
mazda-tarnowskiegory-mirai.pl,clearbit
childrenandteendentalfl.com,clearbit
vans.es,clearbit
honda-rennes.com,scrap_favicon
subaru.com.pa,clearbit
toyotabucurestinord.ro,clearbit
advocarenewbornnetwork.com,clearbit
humanasecondhand.se,clearbit
intersport.fi,clearbit
ikea.co.id,clearbit
remax-go.com.ar,clearbit
wurth.hu,clearbit
lvs-oxford.org.uk,clearbit
castsoftware.it,clearbit
veoliawatertechnologies.de,clearbit
jll.co.kr,clearbit
adeccome.com,clearbit
promat.ch,clearbit
aamcomorristown.com,clearbit
msd-animal-health.pt,clearbit
kia-gj-remagen-rolandseck.de,clearbit
netterden.com,clearbit
worldvision.al,clearbit
hertz.com.ge,clearbit
bbraun.co,clearbit
landi.swiss,clearbit
crif.cz,clearbit
hansa-flex.com.cn,clearbit
trisa.bg,clearbit
titancontainers.co.nz,clearbit
carglass.hr,clearbit
toyotamezcar.com.tr,clearbit
wurthindustry.ca,clearbit
entergy-neworleans.com,clearbit
aamcoelpaso-east.com,clearbit
nikon.com.sg,clearbit
experian.in,clearbit
kia-diamant-wiesbaden.de,clearbit
mazda112.com,clearbit
regalsprings.com.mx,clearbit
landermitsubishi.com.au,clearbit
toyotatokullar.com.tr,clearbit
nestle.at,clearbit
demeter-im-norden.de,clearbit
buydaikin.ro,scrap_logo
pkfgf.co.nz,clearbit
babble.com,clearbit
lindeoilandgas.com,scrap_favicon
linde-gas.com,clearbit
orange.cm,clearbit
mazda-autohaus-hansmann-melsungen.de,scrap_favicon
santillana.com.sv,clearbit
miniso.nc,scrap_logo
aamcowarrenmi.com,clearbit
pingusenglishbd.com,scrap_favicon
ohb-system.de,clearbit
renault-argenteuil.fr,clearbit
toyota-s.co.il,clearbit
europa-union-thueringen.de,clearbit
aamcomesacountryclub.com,clearbit
logmaxbr.com.br,clearbit
mtn.co.rw,clearbit
ophitusa.com,clearbit
allianz-peev.de,clearbit
zalando.ee,scrap_favicon
notairespirletboinet.be,clearbit
pilotpen.co.th,clearbit
mazdaofescondido.com,clearbit
tbwa.co.nz,clearbit
bakertilly.cl,clearbit
wwf.or.th,clearbit
hollandandbarrett.com.mt,clearbit
flashbay.no,clearbit
synlab.de,clearbit
modshair-braunschweig.de,clearbit
meyersound.de,clearbit
processcommunicationmodel.sk,clearbit
aamcoalexandriava.com,scrap_logo
moore.es,clearbit
aamcowestpalmbeach.com,clearbit
culliganmichigan.com,clearbit
glintinc.com,clearbit
miniso-au.com,clearbit
renaultcancun.com.mx,clearbit
alten-consulting.de,clearbit
mazda-autocentrum-engin-holzminden.de,scrap_favicon
anderson-negele-gmbh.ru,clearbit
zalando.at,scrap_favicon
wuerth.co.jp,clearbit
nissantireadvantage.com,clearbit
bakertilly.se,clearbit
chauffeurstelefoon.nl,clearbit
habitatns.ca,clearbit
smittysmb.ca,clearbit
metlife.cl,clearbit
linde.bo,clearbit
nestle.ro,clearbit
hofmann-personal.cz,clearbit
spitexstaefa.ch,scrap_favicon
zkteco.com.eg,clearbit
shahshalalfood.com,clearbit
casaaurorasupermercados.com.br,failed
esseskincare.no,clearbit
aonsolutions.com.tr,scrap_logo
benu.lv,clearbit
mazda-autohaus-kramer-kirchberg.de,clearbit
wheystore.vn,clearbit
aamcotempe.com,clearbit
nexi.hr,clearbit
shimadzu.in,clearbit
pepsico.sa,failed
pepsico.com.tr,failed
wurth.com.do,clearbit
spitexmuri.ch,scrap_favicon
veolia.com.gh,clearbit
aamcosantarosa.com,clearbit
metlife.com.au,clearbit
bowlero.mx,clearbit
murrelektronik.fi,clearbit
mazda.al,scrap_logo
axa-assistance.pl,clearbit
linde-healthcare.nl,clearbit
daikinitalyshop.it,scrap_logo
pingusenglish.ps,clearbit
baywa-re.pl,clearbit
mazdaofwestridge.com,clearbit
spitex-flawil-degersheim.ch,clearbit
aamconewwindsor.com,clearbit
culliganwatercorrections.com,clearbit
sothebysrealty.ae,scrap_favicon
mazdaofpoughkeepsie.com,clearbit
daikineastafrica.com,clearbit
aamcowoodbridgeva.com,clearbit
spitex-region-zofingen.ch,scrap_favicon
chicco.com.ua,clearbit
mazda-autohaus-w-k-kamen.de,clearbit
bbraun.pt,clearbit
aamcogastonianc.com,clearbit
overheaddoormankato.com,clearbit
aamcosignalhill.com,clearbit
esseskincare.nl,clearbit
invisalign.co.il,scrap_favicon
bbraun.ru,clearbit
actemium.us,clearbit
engiemiddleeast.com,clearbit
globalconnect.dk,clearbit
wwf.es,clearbit
bakertilly.it,clearbit
culliganchampaign.com,clearbit
intersport-arvieux.com,clearbit
zkteco.co.za,clearbit
aamcokcnorth.com,clearbit
linexswfl.com,clearbit
einhell.ch,clearbit
julis-mfr.de,clearbit
renaultcoatzacoalcos.com.mx,clearbit
shimadzu.com.ph,clearbit
daikin.ch,clearbit
subaru.com.tr,clearbit
veoliawatertech.com,clearbit
sixty8.ro,clearbit
hansa-flex.at,clearbit
bosch-pt.com.au,clearbit
spie.be,clearbit
minisocr.com,clearbit
mazda.com.sg,clearbit
allianzlifechanger.com,scrap_favicon
secureparking.com.kh,clearbit
powerint.cn,clearbit
fmlogistic.pl,clearbit
daikin-china.com.cn,failed
pkf.sk,clearbit
bosch-homecomfort.com,clearbit
hertz-autopozicovna.sk,scrap_logo
engie.sk,clearbit
nutricia.de,clearbit
duracleancarpet.com,clearbit
renaultsprings.co.za,clearbit
mazdaofnorthmiami.com,clearbit
pkflesotho.com,clearbit
canon.cl,clearbit
honda.com.ng,clearbit
servier.cz,clearbit
toyota-bornholm.dk,scrap_logo
toyotamici.com.tr,scrap_logo
daikin.rs,clearbit
nobleprog.es,clearbit
truckcityford.com,clearbit
mazda.si,clearbit
tapflo.co.za,clearbit
bakertilly.com.cy,clearbit
linak.kr,clearbit
greatplacetowork.mu,clearbit
avis.com.do,clearbit
mazda-autohaus-tietje-holmb-wedel.de,scrap_favicon
toyota-saint-victoret.com,clearbit
mazdaofchicagoland.com,clearbit
mazda-warszawa-auto2000.pl,clearbit
wurth-int.com,clearbit
aamcophilly-frankfordave.com,clearbit
isic.fr,clearbit
spitexbuchs.ch,scrap_favicon
servier.com.br,clearbit
ebay.com.hk,clearbit
aamcopennsaukennj.com,clearbit
atalian.sk,clearbit
indiancancersocietybangalore.org,clearbit
ccusa.ca,clearbit
pragroup.at,clearbit
ardex.de,clearbit
crocs.pl,clearbit
axa.ma,clearbit
ymcachicago.org,clearbit
allianz-handwerker.de,clearbit
amnesty.hu,clearbit
whirlpool.com.hk,clearbit
spitex.sg,clearbit
aamconewportnews.com,clearbit
metlife.com.cy,clearbit
duracleanrestoration.com,clearbit
pilotpen.co.uk,clearbit
veolia.sk,clearbit
kia-kurt-recklinghausen.de,clearbit
toyotaelpa.com.tr,clearbit
albatroslogistic.ma,clearbit
kia.com.np,clearbit
intersport-risoul.com,clearbit
ebay.co.kr,clearbit
aamcoathensga.com,scrap_logo
fleishmanhillard.com.br,clearbit
wurth.com.mk,clearbit
murrelektronik.se,clearbit
nestle.se,clearbit
mazda-autohaus-wedding-engelskirchen-albertsth.de,clearbit
mazda-autohaus-trumpf-wimmelburg.de,clearbit
mazda-autohaus-engelbart-delmenhorst.de,scrap_favicon
mercyships.de,clearbit
nobleprog.com.eg,clearbit
stampinup.ca,clearbit
ebay.fr,clearbit
daikinmalaysia.com,clearbit
carglass.lt,clearbit
aamcotigard.com,clearbit
dennert.pl,clearbit
budget.co.ao,clearbit
kesz.rs,clearbit
renaultamericas.com.mx,clearbit
renault-materom.ro,clearbit
kiaofpa.com,clearbit
murrelektronik.uk,clearbit
mercyships.fr,clearbit
mazda-autohaus-gruendel-doerth.de,scrap_favicon
mazda-autohaus-tillack-perleberg.de,clearbit
carglass.dk,clearbit
pirtek.se,clearbit
brother-industrial.com,clearbit
enterpriserentacar.pl,clearbit
aamco-taylorsvilleut.com,scrap_logo
renault.com.my,clearbit
mazda-autohaus-misch-uebach-palenberg.de,clearbit
culliganregina.com,clearbit
renaultinterlomas.com,scrap_favicon
servier.co.za,clearbit
airbnb.co.in,clearbit
papajohnsquebec.ca,scrap_logo
aamcoseattlewa.com,clearbit
bakertilly.mt,clearbit
rubiomonocoatusa.com,clearbit
vbh.hr,clearbit
mazda-autohaus-suedring-datteln.de,clearbit
pkf.com.tr,clearbit
jll.lu,clearbit
repsol.com.mx,clearbit
printsasia.com,clearbit
eurotradus.eu,clearbit
culliganwt.com,clearbit
arkaybeverages.com,clearbit
linde-gas.no,clearbit
myfamily.ca,clearbit
virtual-reality.school,clearbit
pkf.jo,clearbit
kia-penning-zetelneuenburg.de,clearbit
intersport.hu,clearbit
isover.cz,clearbit
shimadzu-rika.co.jp,clearbit
daikinqatar.com,clearbit
aamcoastoria.com,clearbit
vkf-renzel.fr,clearbit
savethechildren.org.ph,clearbit
actemium.sk,clearbit
schaumann.it,scrap_favicon
manpowergroup.ca,clearbit
spitexow.ch,clearbit
pkfmalta.com,clearbit
daikin.com.mx,clearbit
boschtools.com,clearbit
vans.com.au,clearbit
kiacadca.sk,clearbit
dulux.ie,clearbit
mapfre.com.sv,clearbit
gs1.at,clearbit
spitex-linth.ch,clearbit
linexofchickasha.com,clearbit
svnvanguardla.com,clearbit
berlitz.com.py,clearbit
europa-union-bremen.de,scrap_logo
nestle-mena.com,clearbit
mazda-automobile-maier-cham.de,clearbit
chicco.com.tw,clearbit
aiesec.ba,clearbit
titancontainers.dk,clearbit
murrelektronik.es,clearbit
toyotasamlioglu.com.tr,clearbit
astrazeneca.no,clearbit
engieservices.us,clearbit
thebodyshop.com.tr,clearbit
carlsjr.com.my,clearbit
kumon.com.hk,clearbit
ebay.pl,clearbit
besins-healthcare.com.mx,scrap_logo
europa-union-niedersachsen.de,scrap_logo
orange.co.bw,clearbit
medef-beziers.fr,clearbit
pkf.dk,clearbit
altenusa.com,clearbit
spitex-wuerenlos.ch,scrap_favicon
kia-koenig-teltow.de,scrap_favicon
aamcosouthloopautorepair.com,clearbit
culliganmidmichigan.com,clearbit
deheus.pl,clearbit
globalconnect.de,clearbit
toyota.com.kh,clearbit
toyota-indus.com,clearbit
gs1hu.org,clearbit
dairyqueenobx.com,scrap_logo
kia-vogt-finningen.de,clearbit
linde-gas.es,clearbit
goliathgames.com,clearbit
isover.it,clearbit
culligansouthwest.com,clearbit
renaultselection.co.za,clearbit
pkfcr.co.nz,clearbit
plastoplan.rs,clearbit
hondaheritagecenter.com,clearbit
tupperware.be,clearbit
foxinabox.mx,clearbit
mazda-autohaus-lohmann-kreuztal.de,scrap_favicon
mazdacorpuschristi.com,clearbit
intersport.ch,clearbit
bioderma.ec,clearbit
shopee.co.th,clearbit
dopplerumbrellas.com.au,clearbit
aamconorthtampa.com,scrap_logo
sprachcaffe-muenchen.com,scrap_logo
nobleprog.ae,clearbit
kuestarubber.com,scrap_logo
thelab.id,clearbit
culligandelavan.com,scrap_favicon
meggle-cheese.com,clearbit
job-impulse.es,clearbit
spitexlauchetal.ch,scrap_favicon
melgarcases.com,clearbit
allianz-spm.fr,failed
ovb.at,clearbit
nestle-caribbean.com,clearbit
pirtek.de,clearbit
avia-ramonville.fr,clearbit
veolia.cz,clearbit
nestle.si,clearbit
synergiejobs.at,clearbit
roca.it,scrap_logo
vans.nl,clearbit
bakertilly.com.kh,clearbit
avon.com.sa,clearbit
reedglobal.sg,scrap_logo
eurochem-na.com,clearbit
remax-pinneberg.de,scrap_logo
mazda-autohaus-bolluck-goslar.de,clearbit
skssweden.se,clearbit
honda-villebon.com,scrap_favicon
toyotayoruk.com.tr,clearbit
mazdaoforlandpark.com,scrap_favicon
culliganromeo.com,clearbit
culliganlacrosse.com,clearbit
fleishmanhillard.mx,clearbit
cfmoto.com.br,clearbit
kiaofverobeach.com,clearbit
aamcoalbuquerque.com,clearbit
carlsjr.co.nz,clearbit
servier.si,clearbit
renault-beaulieu.fr,scrap_favicon
veka.com.sg,clearbit
skoda-clermontferrand.fr,scrap_logo
asieris.com,clearbit
takab.nu,clearbit
aamcocentraltampa.com,clearbit
howdengroupholdings.com,clearbit
toyotaefe.com.tr,clearbit
komoder.com,clearbit
honda-melun.com,clearbit
aamcotwinfalls.com,clearbit
culliganmarlette.com,clearbit
renaultpuertovallarta.com.mx,scrap_favicon
lidl-immobilien.de,scrap_favicon
kia.com.cy,clearbit
funiber.ml,clearbit
affidea.gr,clearbit
yves-rocher.it,clearbit
julis-stuttgart.de,clearbit
greatplacetowork.be,clearbit
allianzgloballife.com,clearbit
lindt.cz,clearbit
mazda-autohaus-ruettiger-wallduern.de,scrap_favicon
foxinaboxlondon.uk,clearbit
kelloggs.gr,clearbit
kiavacaville.com,clearbit
experian.co.nz,clearbit
aamcostatenisland.com,clearbit
habitat.hu,clearbit
sephora.dk,clearbit
captrain.pl,clearbit
bbraun.lv,scrap_logo
kia-daehn-goeritz.de,scrap_favicon
nestle.com.ve,clearbit
spg-motoren.de,scrap_logo
bonprix.fi,scrap_favicon
novonordisk.my,clearbit
toyotayatumugla.com.tr,clearbit
remax-buchholz.de,scrap_logo
cdlvideira.com.br,scrap_logo
kiaofstcatharines.com,clearbit
nissanofopelousas.com,clearbit
toyotasud.ro,clearbit
bauder.nl,clearbit
niproaustralia.com.au,clearbit
wurth.ae,clearbit
murrelektronik.in,clearbit
softland.com.mx,clearbit
toyotaparmaksizlar.com.tr,clearbit
mitsubishielectric.com.sg,clearbit
jll.com.lk,scrap_favicon
lidl-voyages.fr,clearbit
mazda-autohaus-wagner-dortmund.de,clearbit
kiajc.com,scrap_favicon
nelsonlabsbozeman.com,clearbit
toyotaalbay.com.ph,clearbit
cdvi.de,clearbit
daikinbahrain.com,clearbit
stoitalia.it,clearbit
bakertilly.no,clearbit
aiesecaustralia.org,clearbit
wolterskluwer.dk,clearbit
stawag-energie.de,clearbit
renault-fama.be,clearbit
whirlpool.com.sg,clearbit
savethechildren.nl,clearbit
cvjm-nuembrecht.de,clearbit
sitech-ohio.com,clearbit
mazda.gr,scrap_logo
mazda.bg,scrap_logo
vkf-renzel.bg,clearbit
mateco.mx,scrap_favicon
freseniuskidneycare.cn,failed
bbraun.hr,clearbit
tapflo.it,clearbit
sanlorenzo.com.pe,clearbit
wolterskluwer.com.my,clearbit
daikindevice.cz,clearbit
kia-schmid-hoehenkirchen.de,clearbit
mazda-autohaus-hamester-hamburg-bergedorf.de,scrap_favicon
duracleanmaine.com,clearbit
stocanada.com,clearbit
aamco-chesapeakeva.com,clearbit
vectorinfotech.my,clearbit
culliganbrighton.com,clearbit
mazda-autohaus-berlenbach-bergischgladbach.de,clearbit
bonprix.se,clearbit
gallant-ocean.com.tw,scrap_logo
lamborghini-berlin.com,clearbit
unglobalcompact.ca,clearbit
bbraun.co.kr,clearbit
aamcobearde.com,scrap_logo
aamcowsa.com,clearbit
pefc.be,clearbit
daikinmea.com,clearbit
mazda-autohaus-eisele-langenau.de,clearbit
specialolympics.com.au,clearbit
victorsport.com.tw,clearbit
cuponesybeneficios.com.co,scrap_logo
mazdalanka.lk,scrap_logo
daikinchemicals.com,clearbit
servier.es,clearbit
mapfre.com.py,clearbit
avisng.com,clearbit
kentmaster.nz,clearbit
greatplacetowork.com.vn,clearbit
aamcolasvegas.com,clearbit
titancontainers.us,clearbit
menicon.nl,clearbit
aamcooaklandca.com,clearbit
jscosccha.com,clearbit
isuzu.com,clearbit
toyota-marseille.com,clearbit
pefc.es,clearbit
decathlon.cz,clearbit
gulfoilltd.com,clearbit
anotherbrokeneggfranchise.com,clearbit
mazda-autohaus-witthoeft-bad-oldesloe.de,clearbit
culliganricelake.com,clearbit
chicco.fr,clearbit
allianz.ua,failed
renault-tessenderlo.be,clearbit
bauwerk-group.hr,clearbit
holidayland-friedrichshafen.de,scrap_favicon
mazdaofportcharlotte.com,clearbit
pkfcaribbean.com,scrap_logo
mazda-autohaus-roeser-grossmaischeid.de,clearbit
bakertilly.ba,clearbit
aamcooklahomacity-edmond.com,clearbit
fleishmanhillard.ie,clearbit
aamcotracyca.com,clearbit
medef-aude.com,clearbit
mazdaofcolumbia.com,clearbit
sourceadvisors.co.uk,clearbit
culliganmarion.com,clearbit
inductotherm.ca,clearbit
kiaofoldsaybrook.com,clearbit
sprachschule-aktiv-kaiserslautern.de,clearbit
acetoolonline.com,clearbit
cdvi.se,clearbit
adra.pl,clearbit
duracell.in,clearbit
engieindia.com,clearbit
hometowninsurance.us,clearbit
aamcobaltimore-pulaskihwy.com,clearbit
honda-angouleme.com,clearbit
culligancountry.com,clearbit
educab.com.au,clearbit
equans.cz,clearbit
faesfarma.com.co,clearbit
bakertilly.pk,clearbit
toyotaalbania.al,scrap_logo
stosignature.com,clearbit
toyota.bo,clearbit
enterprise.si,clearbit
isic.it,clearbit
kia-fischer-cottbus.de,clearbit
fmlogistic.com.br,clearbit
linde-medica.es,scrap_favicon
sonepar.pt,clearbit
mitsubishi-motors.qa,clearbit
nestle.no,clearbit
263.net.cn,clearbit
crocs.cl,clearbit
mediqdirekt.de,clearbit
spitex-regiokirchspiel.ch,scrap_favicon
equans.cl,clearbit
saint-gobain.bg,clearbit
budget.rs,clearbit
hondasevilla.net,clearbit
lunarclient.com,clearbit
savethechildren.mn,clearbit
mazda-autohaus-klein-bietigheim-bissingen.de,clearbit
asendia.de,clearbit
aamcoeuless.com,clearbit
toyotatoyan.com.tr,clearbit
zalando.pl,clearbit
kiamotors.com.kh,scrap_favicon
rsm.lu,clearbit
mazdaofsouthcharlotte.com,clearbit
bakertilly.uy,clearbit
budgetinternational.com,clearbit
menicon.es,clearbit
shopee.com.my,clearbit
seqens.fi,clearbit
culliganiowa.com,clearbit
aamcoaloha.com,clearbit
bioderma-india.in,clearbit
aamcocorvallisor.com,scrap_logo
lindegas.hu,clearbit
kia-kroppen-herten.de,clearbit
servier.vn,clearbit
rotaryclubmedellin.org,clearbit
holidayland-sanktwendel.de,scrap_favicon
allianzportugal.pt,failed
hertz.am,clearbit
cfmotoqueretaro.com,scrap_favicon
toolstationjobs.be,clearbit
fosterfarmsfoodservice.com,clearbit
bakertillyeg.com,clearbit
fronticsamerica.com,clearbit
toyotasouthern.com,clearbit
subaru.lu,clearbit
toyotahizel.com.tr,clearbit
kumon.com.co,clearbit
aamcopembroke.com,scrap_logo
saint-gobain-glass.co.uk,clearbit
vbh.hu,clearbit
toyotaploiesti.ro,clearbit
synergie.es,clearbit
aamcosantacruzca.com,clearbit
vkf-renzel.nl,clearbit
spitex-emmen.ch,scrap_favicon
pkfcabrera.com,clearbit
pkf.ch,clearbit
cazenovecapital.com,clearbit
flashbay.hu,clearbit
premiumproperties.com,clearbit
spitex-buchs.ch,scrap_favicon
orange.cd,clearbit
honda.com.hk,clearbit
aamcoscottsdaleroad.com,clearbit
toyotaboranlar.com.tr,clearbit
yves-rocher.at,clearbit
chicco.com.ph,clearbit
chicco.ch,clearbit
aiesec.cl,clearbit
kia-schunke-aurich.de,scrap_favicon
zalando.ch,clearbit
cubcadet.fr,clearbit
xwiftracingevents.be,clearbit
vendhq.com,clearbit
tapflo.kz,clearbit
daikin.fi,clearbit
grantthornton.sk,clearbit
culliganofnashville.com,clearbit
moore-czech.cz,clearbit
nutricia.pt,clearbit
duracell.com.tr,clearbit
ikea.is,clearbit
starbucks.com.sg,clearbit
culliganporthuron.com,clearbit
aamcophoenixnortheast.com,scrap_logo
kelloggs.no,clearbit
ikea.com.do,clearbit
bbraun.dk,clearbit
saint-gobain.com.co,clearbit
inductothermhw.com,clearbit
pkfuae.com,clearbit
bakertilly.ma,clearbit
honda-autoland.com,clearbit
yves-rocher.se,clearbit
amnesty.lu,clearbit
allthingswater.com,clearbit
spitex-meggen.ch,scrap_favicon
nexi.gr,scrap_favicon
mazda-autohaus-schmidt-oschatz.de,clearbit
carlsjr-russia.ru,clearbit
mazda-autohaus-bayer-goessweinstein.de,scrap_favicon
ikea.com.tw,clearbit
deheus.rs,clearbit
promstahl.de,clearbit
starkey.co.uk,clearbit
internationalsos.co.jp,clearbit
aamcofremontca.com,clearbit
mtn.ci,clearbit
mazda-autohaus-gerhard-figge-waldeck-hoeringhausen.de,clearbit
gulf.no,clearbit
berlitzmanchester.com,clearbit
risogallo.it,clearbit
intersport-crestvoland.com,scrap_favicon
cdvielectronics.com,scrap_logo
subway.com.tw,clearbit
monster.ie,clearbit
dulux.com.sg,clearbit
autosecuritas-passins.fr,scrap_logo
kamic.fi,clearbit
daikin-manufacturing.de,clearbit
bbraun.co.in,clearbit
msd.es,clearbit
aamcoglendalearrowhead.com,clearbit
stanleyelectricus.com,clearbit
aamcowebstertx.com,clearbit
future-x.at,clearbit
worldoptionsgh.com.au,clearbit
actemium.id,clearbit
tracybookshop.com,clearbit
spitex-zimmerberg.ch,clearbit
ecaas.com,clearbit
mazda-autohaus-ehrlich-aschaffenburg.de,scrap_favicon
santander.com.uy,clearbit
goliathgames.de,clearbit
misterwhat.de,clearbit
aamcohouston-veteransmemorial.com,clearbit
synergie.pt,clearbit
flashbay.pt,clearbit
crocs.co.nz,clearbit
aamcodovernj.com,clearbit
cdlcampina.org.br,clearbit
aamcoscottsdaleairpark.com,clearbit
jungheinrich.co.za,clearbit
culliganwaterbillings.com,scrap_favicon
wuerth.co.th,clearbit
remaxcrystal.com,clearbit
kumon.cl,scrap_logo
kiaofwestchester.com,clearbit
affresco-decor.com,scrap_favicon
decathlon.com.br,clearbit
cvjm-augsburg.de,scrap_logo
edenred.com.ar,clearbit
mazdaofmidland.com,clearbit
davesmithfordonline.net,clearbit
reallifeconcepts.co.za,clearbit
hansa-flex.com.pl,clearbit
manpowergroup.pt,clearbit
medef-vendee.fr,clearbit
hendersonkyedc.com,clearbit
honda-larochelle.com,scrap_favicon
culligantucson.com,clearbit
tryg.com,clearbit
aamcobakersfield-unionave.com,clearbit
unglobalcompactghana.com,clearbit
mazda-autohaus-schmidt-grossenhain.de,scrap_favicon
veolia.cn,clearbit
linde-amt.com,clearbit
linak.de,clearbit
mitsubishielectric-printing.com,clearbit
allbranded.de,clearbit
mcdonalds.com.jo,clearbit
nobleprog.com.ar,clearbit
venturelightingme.com,clearbit
petercem-sensors.com,scrap_logo
spitex-rotbachtal.ch,scrap_favicon
mazda-warszawa-nivette.pl,clearbit
oaklandwoodfloors.net,failed
tupperware.fr,clearbit
linak.cz,clearbit
adra.fr,clearbit
mercyships.ch,clearbit
bosch-homecomfortgroup.com,clearbit
kewpie.com.sg,clearbit
aonsolutions.gr,scrap_logo
actemium.de,clearbit
intersport.dk,clearbit
paybase.netlify.app,clearbit
culligangeneva.com,clearbit
acurasouthpoint.com,clearbit
altenromania.ro,clearbit
baywa-re.mx,clearbit
aamcowoodstock-mainst.com,clearbit
pirtek.eu,clearbit
euromaster.cz,clearbit
tupperwarefiesta.com,clearbit
nestle.hr,clearbit
mazda-autohaus-schneider-sondershausen.de,clearbit
toyotaoztoprakhatay.com.tr,clearbit
mazda-autohaus-rottmann-bottrop.de,clearbit
pearsonschoolsandfecolleges.co.uk,clearbit
cvjm-dettingen.de,clearbit
culliganphoenix.com,clearbit
mazda-autohaus-dittrich-genthin-huettermuehle.de,scrap_favicon
nikonlenswear.cn,scrap_logo
tupperware.gr,clearbit
aamcodallastx.com,scrap_logo
mercyships.org.au,clearbit
mazda-autohaus-stoelzel-doehlau.de,clearbit
cdvibenelux.com,clearbit
metagenics.co.jp,clearbit
servier.co.th,clearbit
gs1mt.org,clearbit
culliganillinoisvalley.com,clearbit
aamcohuntingtonbeachca.com,scrap_logo
culliganalbionhillsdale.com,clearbit
funiber.ci,clearbit
adra.org.pt,clearbit
spitexrontalplus.ch,scrap_favicon
mazda-autohaus-baumgart-altensteig.de,clearbit
ardex-france.fr,clearbit
furuno.fr,clearbit
kalorimeta-singen.de,clearbit
astrazeneca.dk,clearbit
innolytics.net,clearbit
aamcohemetca.com,clearbit
aamcomilwaukieor.com,clearbit
eurofinsfoodtesting.nl,clearbit
aiesec.my,clearbit
jll.fi,clearbit
allianzdarta.ie,clearbit
toyota-corbeil.fr,clearbit
saint-gobain.ar,clearbit
flesan.com.pe,clearbit
adra.org.au,clearbit
asendia.it,clearbit
rexel.se,clearbit
daikin-korea.co.kr,clearbit
airbnb.com.ro,clearbit
allianz.ie,clearbit
mondialparebrise.re,clearbit
worldvision.org.uk,clearbit
carlsjr.es,clearbit
murrelektronik.it,clearbit
daikin-ce.com,clearbit
isover.de,clearbit
icafalinmobiliaria.cl,clearbit
daikin.si,clearbit
deheus.co.in,clearbit
sonepar.com.sg,clearbit
sekulin-allianz.de,clearbit
miniso.com.ec,clearbit
toyota-montluel.fr,clearbit
sephora.gr,clearbit
boschautopartes.mx,clearbit
actemium.it,clearbit
holidayland-roedermark.de,clearbit
adra.org.rs,clearbit
santillana.com.bo,clearbit
goliathgames.es,clearbit
bbraun-vetcare.nl,scrap_logo
kia-brueggemann-neubrandenburg.de,clearbit
genya.it,clearbit
monster.be,clearbit
funiber.ma,clearbit
nissanofgardencity.com,clearbit
honda-nig.com,clearbit
trulynolengoias.com.br,scrap_favicon
intersport.sk,clearbit
bakertilly.vg,clearbit
honda-strasbourg.com,scrap_favicon
airbnb.no,clearbit
edenred.hu,clearbit
engie-energia.pe,clearbit
mazda.com.kh,clearbit
toyota-chartres.fr,clearbit
avis-taiwan.com,clearbit
giacomini.cz,clearbit
tescomobile.sk,clearbit
venaenergy.co.jp,clearbit
atalian.be,clearbit
engie-ecserwis.pl,scrap_logo
menicon.fr,clearbit
cdviplastics.com,scrap_logo
wwfcz.org,clearbit
kia-bender-coburg.de,scrap_favicon
salvationarmyeet.org,clearbit
nestle.fi,clearbit
bestdrive.pl,clearbit
lcvesta.nl,clearbit
amnesty.ie,clearbit
hertz.com.cy,clearbit
wuerth.com.ph,clearbit
richs.co.uk,clearbit
mercanta.de,clearbit
hyundai.sn,clearbit
asendia.dk,clearbit
fmc-symposium.cz,scrap_logo
aamcotransmissionpensacola.com,scrap_logo
nordicpharma.it,clearbit
rsmcanada.com,clearbit
wurth.co.ke,clearbit
mazda-autohaus-kopke-bendel-marl.de,clearbit
howdenoze.pl,clearbit
metlife.com.uy,failed
jungheinrich.cn,clearbit
yvesrocher.com.tr,clearbit
gulf-japan.com,clearbit
nikon-mea.com,clearbit
getscsadmin.com,clearbit
renaultmonterrey.com,clearbit
aamcooverlandpark.com,clearbit
culliganofidaho.com,clearbit
culligannc.com,clearbit
nestle.do,clearbit
grantthornton.com.pa,clearbit
culliganfresnolindsay.com,clearbit
funiber.cm,clearbit
avia.hu,clearbit
affinitynonprofits.com,clearbit
toyotakuzen.com.tr,scrap_logo
mantruckmerchandise.co.uk,clearbit
einhell.com.gr,clearbit
vans.fr,clearbit
nissanattheavenues.com,clearbit
aamcofrederickmd.com,clearbit
kia-telke-badschlema.de,clearbit
medef79.fr,clearbit
kia-levy-wittenberg.de,clearbit
santillana.com.co,clearbit
moog.es,clearbit
kia-settele-neu-ulm.de,scrap_favicon
howdenagents.gr,scrap_logo
kia-dresen-neuss.de,clearbit
trulynolennatal.com.br,clearbit
culligantotalwateriowa.com,clearbit
roca.com.ar,clearbit
pilotpen.eu,clearbit
pilotpen.com.au,clearbit
duraclean.us,clearbit
culliganwaterwyoming.com,clearbit
eresrelocation.es,clearbit
spitexniesen.ch,clearbit
foxinaboxgraz.at,clearbit
medef-paysdelaloire.fr,clearbit
salvationarmy.org.uk,clearbit
allianz.lt,clearbit
tbwaalif.com,clearbit
subarusouthblvd.com,clearbit
bonprix-fl.be,clearbit
mazda-autohaus-albers-doerpen.de,clearbit
luxaflexproject-scandinavia.com,clearbit
enterprise.com.ar,scrap_logo
vispiron.systems,clearbit
kia-ds-lampertheim.de,scrap_favicon
mazda-autohaus-weiss-niedernhausen.de,clearbit
heliosstrategia.pl,clearbit
renaultecatepec.com.mx,scrap_favicon
pearsonclinical.fr,clearbit
dci.co.th,failed
gulfsverige.com,scrap_logo
atalian.rs,clearbit
greatplacetowork.com.ar,clearbit
pirtek.at,clearbit
mazda-autohaus-haeusler-fuerstenfeldbruck.de,scrap_favicon
remax-lueneburg.de,clearbit
renaultbank.es,clearbit
terradat.co.uk,clearbit
toyota-ulrichshofer.at,clearbit
inductothermgroup.jp,clearbit
grupointexa.co,clearbit
hertzhn.com,clearbit
honda-metz.com,scrap_favicon
baywa-re.com.au,clearbit
thebodyshop.com.br,failed
cyclecarriage.com,clearbit
amnesty.eu,clearbit
mazda-service-metz-marne.de,scrap_favicon
algeco.com,failed
pragroup.de,clearbit
invisalign.co.uk,clearbit
culliganillinois.com,clearbit
wuerth-ag.ch,clearbit
actemium.es,clearbit
weidner.ca,clearbit
benefitsystems.hr,clearbit
mazda-autohaus-schindlbeck-schwandorf.de,scrap_favicon
aiesec.org.es,clearbit
monster.co.uk,clearbit
vbh.lv,clearbit
jungheinrich.co.nz,clearbit
avia-unimot.com.ua,scrap_logo
culligandesmoines.com,clearbit
greatplacetowork.com.sg,clearbit
aamcobrooklyn-atlanticave.com,clearbit
modshair-hannover.de,clearbit
infiniti-jordan.com,clearbit
mercyships.nl,clearbit
shopee.com.co,clearbit
nestle.ir,clearbit
lindehomecare.fr,clearbit
genan.com,clearbit
domcortraffic.ca,clearbit
culligankennewick.com,clearbit
habitatstl.org,clearbit
implantcenter-dentistry.co.uk,clearbit
pearsonactivelearn.com,clearbit
linde-gas.lt,scrap_logo
linexofstlouismo.com,clearbit
overheaddoorriverton.com,clearbit
adecco.ie,clearbit
adeccojapanese.asia,clearbit
overheaddoorcompanyjackson.com,clearbit
patheon.com,clearbit
culliganmoseslake.com,clearbit
lamborghini-paris.com,clearbit
salvationarmyconcordca.org,clearbit
renaultpachuca.com.mx,failed
mazdaofconshohocken.com,clearbit
aamcosouthtampa.com,clearbit
culliganbetterwater.com,clearbit
aliaxis.be,clearbit
desjoyaux.com.cn,clearbit
louisdepoorterestore.com,clearbit
pkfboston.com,clearbit
spitex-see-lac.ch,clearbit
veolia.de,clearbit
aiesecargentina.org,clearbit
dolcevita.ca,clearbit
mapfre.com.uy,clearbit
amway.ch,clearbit
pkfkerikeri.co.nz,clearbit
toyota-evreux.fr,clearbit
carlsjr.com.tr,clearbit
starkeypro.com,clearbit
intersport-gros.de,clearbit
mazda-autohaus-kalina-gelsenkirchen.de,clearbit
flashbay.fi,clearbit
infiniti.com.tw,clearbit
lidl.lv,clearbit
trulynolenparaiba.com.br,scrap_favicon
aamcocharlottesville.com,clearbit
carglass.ee,clearbit
deprag.cz,clearbit
skoda-metz.fr,scrap_logo
toyotayigitvar.com.tr,clearbit
compo.pl,clearbit
aamcoyumaaz.com,clearbit
medef-nouvelle-aquitaine.fr,clearbit
bakertilly.ng,clearbit
funiber.it,clearbit
fitness4homesuperstore.com,clearbit
mazda-autohaus-grasdanner-holzkirchen.de,scrap_favicon
cinnabonrussia.com,clearbit
cleijsenautoschadegoirle.nl,clearbit
culliganofpeoria.com,clearbit
greatplacetowork.com.tr,clearbit
protectourwinters.de,clearbit
polarysgroup.eu,clearbit
bakertillysek.se,clearbit
extremeadventureraces.com,clearbit
aamcolancasterca.com,scrap_logo
plameco-rheinsieg.de,clearbit
johcm-ukconference.com,scrap_favicon
vbh.cz,clearbit
airbnb.nl,clearbit
mazda.com.tw,clearbit
edenred.fi,clearbit
camesoluciones.com,clearbit
canon.com.br,clearbit
bonprix.jobs,clearbit
modshair-koeln-lindenthal.de,clearbit
analytik-jena.fr,clearbit
miniso-home.ro,clearbit
norauto.com,clearbit
subaru.mt,clearbit
medef-anjou.fr,clearbit
lidl.lu,clearbit
hydroscand.co.ua,clearbit
servier.nl,clearbit
isover.lv,clearbit
servier.ru,clearbit
einhell.de,clearbit
shelterstation.com.au,clearbit
mazda-bcrmotors.ru,clearbit
monster.se,clearbit
aamcomurraysouthsaltlakecity.com,clearbit
teknoware.ae,clearbit
ardexbuildingproducts.ie,clearbit
greatplacetowork.pt,clearbit
pkf.swiss,clearbit
sto.hu,clearbit
dulux.com.my,clearbit
infiniti-azerbaijan.com,clearbit
servier.ge,clearbit
overheaddoorfayetteville.com,clearbit
job-impulse.co.jp,scrap_logo
demeterschmid.de,clearbit
aamcoeugeneor.com,clearbit
sephora.pt,clearbit
aleris-pp.dk,scrap_logo
renaultzaragoza.com,clearbit
habitatvietnam.org,clearbit
isuzu.net.my,clearbit
culligantotalwaterbaraboo.com,clearbit
budgetoman.com,clearbit
nikon.co.th,clearbit
kia-ebner-baienfurt.de,scrap_favicon
toyotacetas.com.tr,scrap_logo
bbraun.com.tr,clearbit
duracell.es,clearbit
aamcolakeforestca.com,scrap_logo
moorestoke.co.uk,clearbit
rexel.it,clearbit
svncredit.ro,clearbit
acuraofwappingersfalls.com,clearbit
veka.bg,clearbit
mitsubishi-motors.at,clearbit
ymcaokc.org,clearbit
aamcofontanaca.com,clearbit
aamco-corpuschristi.com,clearbit
gloriasportsarena.com.tr,clearbit
bbraun.hu,clearbit
isover.com.ar,clearbit
advocarewdp.com,clearbit
veolia.es,clearbit
pefc.dk,clearbit
jollibee.com.bn,scrap_favicon
gjw-sachsen.de,clearbit
mazda-autohaus-hoeffner-clausen.de,scrap_favicon
abc-autoglas.de,clearbit
atalian.sg,clearbit
grantthornton.az,clearbit
statkraft.com.br,clearbit
msd-animal-health.es,clearbit
kia-guadeloupe.com,scrap_favicon
aamcowarrentonva.com,clearbit
renault-chihuahua.com,scrap_favicon
wwf.org.nz,clearbit
path-solutions.com,clearbit
nestle.co.nz,clearbit
meggle.de,clearbit
tupperware.com.vn,clearbit
aamcobakersfield-whiteln.com,clearbit
pixibeauty.co.uk,clearbit
mazda.co.za,clearbit
gulf.lu,clearbit
pearson.com.hk,clearbit
sofrecogroup.com,clearbit
algeco.at,clearbit
bioderma.pl,clearbit
athora.nl,clearbit
mersen.jp,clearbit
toyotabeerens.be,scrap_favicon
culliganuppercumberland.com,clearbit
medefloire.fr,clearbit
bakertilly.com.ve,clearbit
mtn.com.af,scrap_favicon
invisalign.fr,clearbit
zkteco.com.pk,clearbit
toyotaaydogan.com.tr,clearbit
subwayburbank.com,clearbit
esseskincare.se,clearbit
digilite.com.au,clearbit
ibc-solar.es,clearbit
aamcoconcord.com,clearbit
servier.pl,clearbit
aamcomorrisvillepa.com,clearbit
misterwhat-au.com,scrap_logo
mazda-warszawa-odyssey.pl,clearbit
bauermedia.no,clearbit
airbnb.com.bo,clearbit
hyrox.es,clearbit
toyotaderinderekocak.com.tr,clearbit
dilmahtea.co.uk,clearbit
mazdaofalexandria.com,clearbit
reedglobal.ae,clearbit
siebtechnik-tema.co.uk,clearbit
rotary6450.org,clearbit
atalian.cz,clearbit
linexofjoliet.com,clearbit
greatplacetowork.com.ve,clearbit
soventix.cl,clearbit
intersport-courchevel1550.com,scrap_logo
aamco-omahanorth.com,clearbit
kantar.com.tw,clearbit
wingarc.com.au,clearbit
leekeswindows.co.uk,clearbit
pkfve.com,clearbit
aquatherm-belux.be,clearbit
airbnb.ba,clearbit
kia-ahs-roehrnbach.de,clearbit
metlife.com.ar,clearbit
takeda.nl,clearbit
aamcosanrafaelca.com,clearbit
linak.es,clearbit
pepsico.com.pk,failed
europa-union-havelland.de,clearbit
mazda-autohaus-goedde-meschede.de,clearbit
aamcofuquayvarinanc.com,clearbit
culliganwheaton.com,clearbit
wwf.ro,clearbit
toyotaaykon.com.tr,clearbit
funiber.us,clearbit
ford.lviv.ua,scrap_favicon
servier.bg,clearbit
aeccglobal.co.th,clearbit
kiamotors.com.co,clearbit
cdljatai.com.br,clearbit
isic.bg,clearbit
nordicpharma.de,clearbit
mazda-autohaus-ahb-gotha.de,clearbit
pkf-dominicana.com,scrap_favicon
wwf.at,clearbit
aamcolaurelmd.com,clearbit
cfmotobenelux.eu,clearbit
manpower.co.za,clearbit
ccusa.cz,clearbit
renaultpatriotismo.com.mx,clearbit
papajohns.ma,scrap_logo
renault-guilers.fr,scrap_logo
pragroup.fi,clearbit
bcurelaser.co.il,clearbit
asendiausa.com,clearbit
cdvi.ca,clearbit
jungheinrich.com.au,clearbit
daikin.ru,clearbit
chicco.com.mx,clearbit
pingusenglish.com,clearbit
murrelektronik.com.cn,clearbit
dmcihomes.jp,failed
mazda-wroclaw-jaremko.pl,clearbit
wurth.co.nz,clearbit
airbnb.dk,clearbit
medef71.com,clearbit
bauder.ag,clearbit
allianz-sebastiankoch.de,clearbit
bimeda.ie,clearbit
vitalsauna.eu,clearbit
toyotayatubodrum.com.tr,clearbit
mitsubishi-motors.pt,clearbit
glamsmile.be,clearbit
mazda-wroclaw-wrobel.pl,clearbit
veolia.be,clearbit
toyota.com.mt,clearbit
esseskincare.dk,clearbit
menicon.sg,clearbit
tenneco.co.jp,clearbit
murrelektronik.com.tr,clearbit
aamcocapistranobeachca.com,scrap_logo
eftech-international.com,clearbit
wuerth-gruppe.ch,clearbit
aamcospringfieldoh.com,clearbit
culliganreno.com,clearbit
mateco.ro,clearbit
greatplacetowork.co.il,clearbit
toyotasanpablo.com.ph,clearbit
culliganofmerrillville.com,clearbit
trulynolencampogrande.com.br,scrap_favicon
edenred.pl,clearbit
mazda.nl,clearbit
yves-rocher.ch,clearbit
mazda-autohaus-friedmann-steinfeld.de,scrap_favicon
spp.cz,clearbit
esseskincare.fi,clearbit
aamcoeastonpa.com,clearbit
keytitlegroupsa.com,clearbit
habitativ.org,clearbit
veolia.jp,clearbit
starkey.co.kr,failed
culligangrandisland.com,scrap_favicon
pkfcemac.com,failed
reedglobal.com.mt,clearbit
fmlogistic.it,clearbit
cdlniteroi.com.br,clearbit
oilfieldequipments.us,scrap_favicon
wurth.kz,clearbit
einhell.com.tr,clearbit
tapflo.hu,clearbit
cfmoto-larissa.gr,scrap_logo
einhell.co.uk,clearbit
amnesty.org.ng,clearbit
landish.ca,clearbit
anadolumedicalcenter.al,scrap_logo
orbico.com.mk,clearbit
lghealthjobs.org,clearbit
aamcokellertx.com,scrap_logo
daikin.az,clearbit
remax.fi,clearbit
aamcooklahomacity-yukon.com,clearbit
mersen.com.br,clearbit
wurth.com.tw,clearbit
skodalondon.com,clearbit
bbraun.com.br,clearbit
toyota.com.co,clearbit
tapflo.at,clearbit
aamcocoronaca.com,scrap_logo
bakertilly.mu,clearbit
einhell.pl,clearbit
roca.com.tr,clearbit
overheaddooraz.com,clearbit
rjelinek.cl,clearbit
nexigroup.com,clearbit
shimadzu.com.br,clearbit
aamcotransmissionsknoxville-kingstonpike.com,scrap_logo
europa-union-sachsen.de,clearbit
duracell.pl,clearbit
gracehomes.us,clearbit
iba-protontherapy.com,clearbit
mateco.bg,clearbit
subway.co.id,clearbit
aeccglobal.com.bd,clearbit
foxinaboxmiami.com,clearbit
hertz-autopujcovna.cz,clearbit
solatube.co.uk,clearbit
aiesec.gr,clearbit
stockco.co.nz,clearbit
mazda-bielskobiala-autogazda.pl,clearbit
vantagepoint.co.id,clearbit
bbraun.ec,clearbit
vbh.de,clearbit
fimacf.africa,clearbit
schaumann.cz,clearbit
tupperware.com.ar,clearbit
decathlon.com.kh,clearbit
culliganindiana.com,clearbit
gulfcombustibles.com,clearbit
forpsi.pl,clearbit
starbucks.com.gr,clearbit
linde-gas.fr,clearbit
isover.fi,clearbit
intersport.it,clearbit
medef41.fr,scrap_favicon
aamcoeastpointga.com,clearbit
mercyships.be,clearbit
kia-mouscron.be,clearbit
mazdaofnewrochelle.com,clearbit
mazda-autohaus-gollan-hamm.de,scrap_favicon
kia.com.ni,clearbit
rinnai.com.tw,failed
job-impulse.pt,clearbit
aad-insurance.com,failed
renaulttepic.mx,scrap_favicon
subaru.eu,clearbit
aamcoraleigh-capitalblvd.com,clearbit
bimedacanada.com,clearbit
allianzlifebali.com,clearbit
rsmrecruitment.com,clearbit
pacificinfotech.co.uk,clearbit
repsol.no,clearbit
ilmercatoambacht.nl,clearbit
thelocal.ch,clearbit
toyotahonduras.com,clearbit
allianz-reiseschutz.de,failed
actemium.co.uk,clearbit
mediqdirekt.hu,clearbit
aontravpro.com,clearbit
jll.co.il,clearbit
pamarco.co.uk,clearbit
seats2meetstationdenbosch.nl,clearbit
bakertilly.pt,clearbit
bbraun.cl,clearbit
securitas24.de,clearbit
cleansui-usa.com,clearbit
subaruqatar.com,clearbit
asendia.co.uk,clearbit
mtn.zm,clearbit
culliganminneapolis.com,clearbit
meggle-group.com,clearbit
budgetqatar.com,clearbit
garminstore.com.br,clearbit
cdltresrios.com.br,clearbit
santillana.com.ar,clearbit
svnnc.com,clearbit
mersen.com.tr,clearbit
rocatiles.com,clearbit
linexranchocordova.com,failed
kia-hoff-trier.de,clearbit
hyundaitgv.ro,clearbit
isuzubarcs.hu,scrap_favicon
sprachschule-aktiv.de,clearbit
chicco.com.tr,clearbit
jungheinrich.in,clearbit
amway.it,clearbit
jungheinrich.com.br,clearbit
allianz.sg,clearbit
tasuki-holdings.co.jp,clearbit
newson-gale.co.uk,clearbit
titancontainers.com.tr,clearbit
laborelec.com,clearbit
europcar.me,clearbit
planncosteels.com,clearbit
pepsico.fr,clearbit
aamcoescondido.com,clearbit
hennessyfunds.com,clearbit
aamcomiami-birdroad.com,clearbit
honda-bordeaux.com,clearbit
budget.com.do,clearbit
aamcoaustin-burnetrd.com,clearbit
miniso.ge,clearbit
hollandandbarrett.ae,scrap_favicon
greatplacetowork.ch,clearbit
teztour.lt,clearbit
freeportwestselfstorage.com,clearbit
wurth.co.uk,clearbit
julis-bayern.de,clearbit
nepaltrust.gov.np,clearbit
designpluz.com,clearbit
medef-mayenne.com,clearbit
fleishmanhillard.co.id,clearbit
telehouse.co.th,clearbit
aamconorthwestfwy-houston.com,scrap_logo
vwswestgarth.com,clearbit
mitsubishielectricmalaysia.com,clearbit
rotarygranada.es,scrap_logo
unitecnica-us.com,clearbit
acuraofpeabody.com,clearbit
aamcochino.com,clearbit
holidayland-dorfen.de,clearbit
mazda-lodz-matsuoka.pl,clearbit
murrelektronik.at,clearbit
cinnabon.mx,clearbit
luminishealthcareers.org,clearbit
bioderma.sg,clearbit
axa.com.br,clearbit
aliaxis.gr,clearbit
alchemia-nova.net,clearbit
starkey.com.br,clearbit
nestle.ba,clearbit
lamborghinisarasota.com,clearbit
aamconorthridgeca.com,clearbit
vkf-renzel.co.uk,clearbit
algeco.be,clearbit
ymcasf.org,clearbit
murrelektronik.pl,clearbit
hondatygerberg.co.za,scrap_favicon
culliganwaterstillwater.com,scrap_favicon
deheus.pt,clearbit
immanuelalbertinen.de,clearbit
aamcoorange.com,clearbit
bonprix.ch,clearbit
bbraun.com.ar,clearbit
whirlpoolservice.co.uk,clearbit
siiora.org,clearbit
eis.com.tr,scrap_logo
pepsico.com.co,failed
bauder.be,scrap_favicon
vettersculliganwater.com,clearbit
europa-union-kassel.de,clearbit
baywa-re.fr,clearbit
komoder.co.uk,clearbit
aamcoarlington-pantego.com,clearbit
mazda.ph,clearbit
mazda-autohaus-ubben-aurich.de,scrap_favicon
greatplacetowork.co.ke,clearbit
mazdaofwooster.com,clearbit
culliganchicago.com,clearbit
orange.com.lr,clearbit
honda-limoges.com,scrap_favicon
reedglobal.ch,scrap_logo
mazda.es,clearbit
starkeypro.de,clearbit
lindt.de,clearbit
coffeesmith.com.sg,clearbit
wuerth.com.kh,clearbit
aamcorochesterny.com,scrap_logo
aviabienert.de,clearbit
pkf-fwa.com,clearbit
thebodyshop.lv,clearbit
gs1sk.org,clearbit
kia-brueggemann-brandenburg.de,clearbit
acuraofgainesville.com,clearbit
medef-ardennes.com,clearbit
atalian.nl,clearbit
rotary-club-strasbourg.org,scrap_favicon
pilotpen.it,clearbit
orange.sk,clearbit
k-startupcenter.org,clearbit
nikon.com.hk,clearbit
kia-burian-celle.de,scrap_favicon
lindt.fi,scrap_logo
intersport.nl,clearbit
plastoplan.si,clearbit
inductotherm.com.tr,clearbit
lindt.ch,clearbit
sitechdo.com.mx,clearbit
solatubescotland.co.uk,clearbit
pkf.pt,clearbit
mazdanorkar.com,scrap_favicon
cfmotoindia.com,clearbit
spitex-regiowittenbach.ch,scrap_favicon
kind-der-stadt.at,clearbit
budget.bg,clearbit
ealang.com.cn,failed
veolia.ie,clearbit
bonprix.co.uk,clearbit
holidayland-pohlheim.de,clearbit
aamcolongbeachca.com,scrap_logo
minisouruguay.com.uy,clearbit
jll.ch,clearbit
aliaxis.hu,clearbit
de-heus.nl,clearbit
scholpp.it,clearbit
mazda-autohaus-torp-wilhelmshaven.de,scrap_favicon
cdlvitoria.com.br,clearbit
hsbcsaudi.com,clearbit
lamborghini-cannes.com,clearbit
msmode.de,clearbit
nidek.com,clearbit
countryroadsford.net,clearbit
bbraun.bg,clearbit
aamcohagerstownmd.com,clearbit
synlab.si,clearbit
alosindustrials.com,clearbit
nestle.com.sg,clearbit
aamcoviennava.com,clearbit
aamcosandiego-missionbay.com,clearbit
intersport-arc2000.com,clearbit
aamcomorenovalley.com,clearbit
manpowergroup.se,clearbit
dicetek.us,clearbit
aamcolexingtonparkmd.com,clearbit
murrelektronik.fr,clearbit
grantthornton.tn,clearbit
aliaxis.it,clearbit
platingsystems.info,clearbit
kia.pt,clearbit
advocaremorristownpediatrics.com,clearbit
roca.ro,scrap_logo
aireonepeel.ca,clearbit
solatubegalicia.com,clearbit
santillana.com.pr,clearbit
nutricia.be,clearbit
hyundaiofchatham.ca,clearbit
amtrakvacations.com.au,scrap_logo
mazda-autopark-rath-krefeld.de,scrap_favicon
leroymerlin.co.za,clearbit
spitex-steinmaur-neerach.ch,scrap_favicon
mersen.it,clearbit
shimadzu-techno.co.jp,failed
tupperware.it,clearbit
toyota-niederberger.at,clearbit
synlab.ec,clearbit
santanderconsumer.no,clearbit
hertz.ro,clearbit
nerdsonsite.co.za,clearbit
toyota.com.mk,clearbit
pingusenglish.ee,clearbit
hannainst.hr,clearbit
mazda-autohaus-dohm-horn-bad-meinberg.de,clearbit
crocs.com.ec,clearbit
manpowergroup.cz,clearbit
altengt.com,scrap_logo
statkraft.nl,clearbit
toyota-innviertel.at,clearbit
keika-c.ed.jp,clearbit
repsolresourcesuk.com,clearbit
holidayland-wunstorf.de,clearbit
tapflo.nl,clearbit
spitex-grauholz.ch,scrap_favicon
moog.fr,clearbit
honda-marseille.com,scrap_favicon
xtransfer.cn,clearbit
chubblifefund.com.vn,failed
jll.nz,clearbit
toyotaborovali.com.tr,clearbit
astrazeneca.com.tr,clearbit
greatplacetowork.com.py,clearbit
airbnb.ie,clearbit
spitexlueg.ch,clearbit
statkraft.co.uk,clearbit
compo-hobby.it,clearbit
mapfre.com.ve,clearbit
spitex-freiamt.ch,scrap_favicon
svndesertcommercial.com,clearbit
msd-animal-health.dk,clearbit
mazda-autohaus-schreier-biebergemuend-bieber.de,clearbit
mtn.co.sz,clearbit
mersen.hu,clearbit
gjwnwd.de,clearbit
selgen.eu,scrap_favicon
airbnb.jp,clearbit
compo-group.com,clearbit
mapfre.com.gt,clearbit
trakm8.cz,clearbit
warmupdeutschland.de,clearbit
zkteco.me,clearbit
aamcosurprise.com,clearbit
aamcoutah.com,clearbit
synlab.com.cy,scrap_logo
ymca-ywca.org,clearbit
isuzu.co.mz,clearbit
aamcopasadenaca.com,clearbit
renaultvercammen.be,clearbit
spitexkempt.ch,scrap_favicon
honda-reims.com,scrap_favicon
secureparkingusa.com,clearbit
murrelektronik.ro,clearbit
toysrus.com.sa,clearbit
toyotabatangas.com.ph,clearbit
msig-asia.com,clearbit
plameco-huizen.nl,clearbit
deswam.in,failed
toyotaakten.com.tr,clearbit
toyota-paris5.fr,scrap_favicon
freseniuskidneycare.com,clearbit
autosecuritas-ctlp.fr,scrap_logo
linak.pl,clearbit
thelocal.it,clearbit
aamcobloomingtonil.com,clearbit
monitus.com,clearbit
whirlpool-bangladesh.com,clearbit
gulf.com.mk,clearbit
spitex-trevalli.ch,clearbit
pkf-l.com,clearbit
astrazeneca.ca,clearbit
culliganatlanta.com,clearbit
medknow.com,clearbit
jungheinrich.co,clearbit
buffalotours.es,clearbit
edenredrewards.co.in,clearbit
nissanmanufacturing.com,scrap_logo
mazdaofbedford.com,clearbit
culliganflint.com,clearbit
culliganofofallon.com,clearbit
aamcomorganhill.com,clearbit
andre-media.it,clearbit
kia-etehad-halstenbek.de,scrap_favicon
habitatbroward.org,clearbit
mitsubishi-motors.fi,clearbit
mazda-autohaus-brutschin-lenzkirch.de,scrap_favicon
bauder.rs,clearbit
culliganwaterburlington.com,scrap_favicon
pakuacanada.com,clearbit
ctdi.in,failed
aon.lt,clearbit
greatplacetowork.pl,clearbit
kiaofmurfreesboro.com,clearbit
cinnabon.com.tr,clearbit
engieresources.com,clearbit
mazda-autohaus-mueller-plauen.de,clearbit
myplumberca.com,clearbit
amnesty.org.ph,clearbit
husse.hu,clearbit
daikinczech.cz,clearbit
aamcola-culvercity.com,clearbit
aamcoroanokeva.com,scrap_logo
canonburgos.com,clearbit
tectake.it,clearbit
lidl.ee,clearbit
tensar.com.cn,clearbit
einhell.cz,clearbit
bbraun.pk,clearbit
thebodyshop.bg,clearbit
fortprousa.com,clearbit
hondamurcia.com,clearbit
honda-grenoble.com,scrap_favicon
aamcodelraybeach.com,clearbit
saint-gobain.al,clearbit
culliganlasvegas.com,clearbit
aamcoofupland.com,clearbit
aamcolexingtoneast.com,scrap_logo
repsol.pe,clearbit
astreitalia.it,clearbit
franzcollection.com,clearbit
subarutijuana.mx,scrap_logo
bigfootdigital.co.uk,clearbit
kia-fugel-dresden.de,clearbit
mazda.lv,scrap_logo
aamcobrookfieldwi.com,clearbit
santillana.com.ec,clearbit
thisissowgood.com,clearbit
metlifetakealongdental.com,scrap_logo
kiacoldlake.com,clearbit
kiaofgrandblanc.com,clearbit
servier.it,clearbit
toyota.co.tz,clearbit
kia.am,clearbit
blackroll.com.pl,clearbit
malerasstockholm.se,clearbit
gs1ec.org,clearbit
allianz.mg,clearbit
modern-heads.com,clearbit
grantthornton.bg,clearbit
carlsjr.com.mx,clearbit
toyota-givors.fr,scrap_favicon
mitsubishi-motors.com.kw,clearbit
servier.co.id,clearbit
bakertilly.site,clearbit
culligancentralindiana.com,clearbit
carglass.re,clearbit
algeco.si,scrap_logo
medef-44.fr,clearbit
aamcoeastbrunswick.com,clearbit
spitex-kriens.ch,clearbit
annotext.de,clearbit
apolloclinicguwahati.co.in,clearbit
job-impulse.sk,clearbit
aamcobridgewater.com,clearbit
infiniti.com.pa,clearbit
infiniti.mx,clearbit
tts-group.at,scrap_logo
orange.ci,failed
amway.de,clearbit
honda-lille.com,clearbit
subarusouthpoint.com,clearbit
flashbay.es,clearbit
aireserv.ca,clearbit
spie-wirliebenkabel.de,clearbit
honda-toulouse.com,clearbit
bakertilly.ec,clearbit
bosch-pt.co.in,clearbit
axa-assistance.cz,clearbit
spie-ics.com,clearbit
honda-meaux.com,clearbit
entergy-texas.com,clearbit
worldvisionmexico.org.mx,clearbit
aamconsa.com,clearbit
julis-rhein-berg.de,clearbit
kia-jaeger-bevern.de,scrap_favicon
einhell.bg,clearbit
julis-sachsenanhalt.de,clearbit
rotarypublicschool.org,clearbit
funiber.org.uy,clearbit
neposystem.me,clearbit
airbnb.com.au,clearbit
mazda-autohaus-wilk-kaczmarek-schwerin.de,scrap_favicon
invisalign.co.kr,clearbit
algeco.pt,clearbit
biolchim.com.br,clearbit
svnahia.com,clearbit
furuno.co.uk,clearbit
lindt.se,clearbit
bakertillygh.com,clearbit
isover.co.kr,scrap_favicon
skybusiness.co.nz,scrap_favicon
sephora.ro,clearbit
aamcovictorvilleca.com,scrap_logo
aamcospringfield.com,clearbit
pussyspace.net,clearbit
aamcophoenixville.com,scrap_logo
pefc.cl,clearbit
mersen.es,clearbit
salvationarmy.org.my,clearbit
azetsconsulting.no,scrap_logo
aon.lv,clearbit
rotaryclubdelima.org,clearbit
solidea.co.za,clearbit
vans.it,clearbit
toysrus.de,scrap_logo
tbwazim.co.zw,clearbit
vbhtrgovina.si,scrap_favicon
actemium.com.br,clearbit
veolia.nl,clearbit
tchibo.cz,clearbit
duracell.it,clearbit
aamcoeggharbortwp.com,clearbit
aamcostroudsburg.com,clearbit
spitex-region-kreuzlingen.ch,clearbit
intersport.cz,clearbit
vedanta-zincinternational.com,clearbit
meggle-foodingredients.de,clearbit
pkfjnd.com,clearbit
culligantoledo.com,clearbit
daikin.mk,clearbit
aamcowashingtondc.com,clearbit
scoutaerialafrica.com,clearbit
aamcobronx.com,clearbit
intersport.hr,clearbit
kia.co.mz,clearbit
gs1.ro,clearbit
aspenpharma.es,clearbit
aon.hu,failed
tbwa.com.hk,clearbit
batistareisfloresonline.com.br,clearbit
customneon.com.au,clearbit
kia-sauter-albstadt.de,clearbit
enterpriserentacar.bg,clearbit
habitatindiana.org,clearbit
invisalign.it,clearbit
kiaofwestburlington.com,scrap_favicon
ubicast.tv,failed
spitextg.ch,clearbit
algeco.ro,clearbit
aamcoroundrocktx.com,clearbit
mazda-autohaus-schwenke-duisburg.de,clearbit
honda-cannes.com,clearbit
culliganwaternebraska.com,clearbit
aamcopeoria-az.com,clearbit
internationalsos.no,clearbit
kokuyo-furniture.com.my,clearbit
monster.at,clearbit
kia-maier-cham.de,scrap_favicon
rsmuk.com,clearbit
kia-exner.de,scrap_favicon
worldvision.co,clearbit
mycabin.ie,clearbit
kia.com.uy,clearbit
actemium.ca,clearbit
wurthcanarias.es,clearbit
keasyfit.it,clearbit
aamcogreensburgpa.com,failed
aamcoabingtonpa.com,clearbit
budatec.de,clearbit
aliaxis.bg,scrap_favicon
mersen.in,clearbit
ardexamericas.com,clearbit
durableonline.com.sg,clearbit
fluidmasteruk.com,clearbit
aamcoreadingpa.com,clearbit
nutriciavoorjou.nl,clearbit
spitex-appenzellerland.ch,scrap_favicon
bestdrive.fi,clearbit
kiaoflumberton.com,clearbit
mffshopen.se,clearbit
gulfoilchina.com,failed
inbeat.co,clearbit
bakertilly.gi,clearbit
modshair-stuttgart.de,clearbit
faacentrancesolutions.be,scrap_favicon
wurth.lv,clearbit
clarksonhyde.it,clearbit
foxinaboxbrisbane.com,clearbit
trulynolenrecife.com.br,clearbit
unicharm.co.in,clearbit
metlife.com.tr,clearbit
pepsico.rs,clearbit
reedglobal.cz,clearbit
autosecuritas-tallard.fr,scrap_logo
avis.nc,clearbit
infiniti.com.do,clearbit
skodanews.de,scrap_logo
worldvisionamericalatina.org,clearbit
inductotherm.com.cn,clearbit
adfc-radtourismus.de,clearbit
mitsubishielectric.se,clearbit
aamcoflagstaff.com,clearbit
toyotaer.com.tr,clearbit
aamcophoenixmaryvale.com,clearbit
trulynolenpiaui.com.br,clearbit
subaru.es,clearbit
travelocarbooking.com,clearbit
affidea.pl,clearbit
sephora.it,clearbit
spitex-rothenburg.ch,clearbit
mazdaofmilford.com,clearbit
toyotapasongtamo.com,clearbit
decathlonkz.com,clearbit
daikinchemicals.co.th,clearbit
gulfoil.co.uk,clearbit
mazda.co.me,scrap_logo
medef-franche-comte.com,clearbit
toyotaonatca.com.tr,clearbit
bestdrive.se,clearbit
aeccglobal.sg,clearbit
mazda-autohaus-moellenkamp-rheine.de,scrap_favicon
medef-cher.fr,clearbit
einhell.dk,clearbit
bakertilly.com.jm,clearbit
amway.co.jp,clearbit
plameco.at,clearbit
lindt.jp,clearbit
nikonmetro1stg.wpengine.com,clearbit
mazda-autohaus-born-ludwigslust.de,scrap_favicon
culliganwatercolorado.com,clearbit
attijariwafabank.com.eg,clearbit
servier.ua,clearbit
kia-auto-center-weiterstadt.de,clearbit
boschautoparts.com,clearbit
rubiomonocoat.com.pl,clearbit
subway.com.my,clearbit
eca-serel.de,scrap_logo
statkraftvarme.no,clearbit
aamcomiddletownny.com,clearbit
thebodyshop.fi,clearbit
cbrain.com,clearbit
aamcofortlauderdale-plantation.com,clearbit
honda.com.bd,clearbit
atalian.lu,clearbit
plameco-baer.de,clearbit
subwayfrance.fr,scrap_logo
job-impulse.us,clearbit
bbraun.com.tw,clearbit
sackit.no,clearbit
thelocal.es,clearbit
bbraun.com.py,clearbit
isover.ie,clearbit
aeccglobal.co.id,clearbit
wurth.pe,clearbit
airbnb.be,clearbit
ringcontainers.co.uk,clearbit
bbraun.be,clearbit
aamcocolumbus-wbroadst.com,scrap_logo
kiacowansville.com,scrap_favicon
renaultpatria.com.mx,clearbit
idealindustries.cn,scrap_favicon
bluecardagency.ru,clearbit
sephora.es,clearbit
sitech-ws.com,clearbit
ercagroup.com.tr,clearbit
nestle.ua,clearbit
gjw-nrw.de,clearbit
spitexzh.ch,clearbit
dulux.in,clearbit
kia-bandung.com,clearbit
benu.lt,clearbit
sitech.ch,clearbit
santillana.com.pa,clearbit
statkraft.fr,clearbit
medef-pays-basque.fr,clearbit
cinnabon.co.za,scrap_logo
greatplacetowork.fr,clearbit
greatplacetowork.com.co,clearbit
furuno.gr,clearbit
kiwiqa.com.au,clearbit
accelltherapy.com.au,clearbit
culligannation.com,clearbit
cvjm-gomaringen.de,clearbit
culliganhoriconwatertown.com,scrap_favicon
subway.ru,clearbit
ccusa.nl,clearbit
bbraun.mx,clearbit
takeda.com.ru,scrap_favicon
bbraun.nl,clearbit
mazdademagog.com,clearbit
einhell.nl,clearbit
murrelektronik.ch,clearbit
zkteco.in,clearbit
worldvision.com.au,clearbit
kia-trinkle-schorndorf.de,clearbit
zalando.nl,clearbit
crif.hk,clearbit
pkfboi.nz,clearbit
culligandenkerwaterconditioning.com,clearbit
culliganh2o.com,clearbit
ymcaswv.com,clearbit
culliganwaterwestbend.com,scrap_favicon
isuzugyor.hu,scrap_favicon
greatplacetowork.gr,clearbit
mazda-autohaus-lommel-grettstadt.de,scrap_favicon
toyotasonkar.com.tr,clearbit
eru.com.ua,clearbit
msd-animal-health.it,clearbit
krugerkaldnes.no,clearbit
kiaofbillings.com,clearbit
aamcocovinaca.com,clearbit
adeccogroupfoundationus.org,clearbit
aamcospokanevalleywa.com,clearbit
msmode.es,clearbit
edf-re.com.au,clearbit
apexdynamicsgermany.de,clearbit
pigtailsandcrewcutsfranchise.com,clearbit
gs1.org.bo,clearbit
steelhousegroup.ee,clearbit
roca.fr,clearbit
experian.co.uk,clearbit
asendia.at,clearbit
daikinuae.com,clearbit
cardif.pl,clearbit
wurth.cl,clearbit
crif.ch,clearbit
bbraun.pe,clearbit
insize.com.br,clearbit
honda-lemans.com,clearbit
matutis.de,clearbit
lamborghinimontreal.com,clearbit
flashmed-lb.com,clearbit
reedglobal.com.tr,clearbit
amphenolaudio.com,scrap_favicon
despat.com,clearbit
repsol.fr,clearbit
aamcoelcajon.com,clearbit
aamcomarietta-cobbparkway.com,clearbit
toyotanorthedsa.com,clearbit
aamcopomonaca.com,clearbit
greatplacetowork.cl,clearbit
bnpparibasdeveloppement.com,clearbit
ymcaup.org,clearbit
culliganjanesville.com,clearbit
culliganwooster.com,clearbit
overheaddoorbrookfield.com,clearbit
bakertillymlt.se,clearbit
repsol.us,clearbit
mazdavardi.com.co,clearbit
medef-cote-opale.com,clearbit
alten.ca,clearbit
servier.gr,clearbit
top1toysbleijenberg.nl,scrap_favicon
pkf.co.uk,clearbit
isuzu-vietnam.com,clearbit
kawasaki-magdeburg.de,scrap_logo
bbraun.com.my,clearbit
benlomondinc.com,clearbit
bellaplanta.de,clearbit
pepsico.es,failed
amnestyghana.org,clearbit
duracell.co.za,clearbit
pirtek.nl,clearbit
airbnb.com.br,clearbit
lightspeedhq.mx,clearbit
crif.sk,clearbit
funiber.sn,clearbit
furuno.it,clearbit
logicvapes.co.uk,clearbit
medef31.fr,clearbit
esseskincare.co.uk,clearbit
tridentseafoods.jp,clearbit
experian.com.sg,clearbit
filatime.com,scrap_logo
santanderuniversidades.com.mx,clearbit
algeco.cz,clearbit
nissanofthebronx.com,scrap_favicon
airbnb.com.co,clearbit
avia.nl,clearbit
mazda-autohaus-richter-forst.de,scrap_favicon
aamcopatchogue.com,clearbit
meniconamerica.com,clearbit
medef-dromeardeche.fr,clearbit
hansa-flex.be,clearbit
sto.es,clearbit
pepsico.co.it,clearbit
cinnabon-ksa.com,clearbit
specialistnutrition.us,clearbit
ecotec-usa.com,scrap_logo
eccreditcontrol.com.au,clearbit
engie-refrigeration.de,clearbit
axa-lifeeurope.com,clearbit
yves-rocher.nl,clearbit
orbico-kenoanyagok.hu,clearbit
cpi-print.com,scrap_logo
culliganadvantage.com,clearbit
murrelektronik.cz,clearbit
century21viaplus.be,clearbit
subarumidlandodessa.com,scrap_favicon
kelloggs.it,clearbit
cyrillus.com,clearbit
overheaddoorkalamazoo.com,clearbit
inductotherm.com.au,clearbit
msd-animal-health.co.nz,clearbit
sonepar.pe,clearbit
thebodyshop.lt,clearbit
mazda-autohaus-flindt-marschacht.de,scrap_favicon
aamcoerlanger.com,clearbit
gs1.dk,clearbit
fleishmanhillard.cz,clearbit
greatplacetowork.com.uy,clearbit
mazdadesherbrooke.com,clearbit
mitsubishielectric.in,clearbit
wurth.rs,clearbit
bbraun.ro,clearbit
pearson.com.cn,clearbit
servier.lv,clearbit
tupperware.pl,failed
solatube.si,clearbit
lww.co.uk,clearbit
cdlcuritiba.org.br,clearbit
kia-duerkop-hannover.de,scrap_favicon
adecco.de,clearbit
jungheinrich.co.th,clearbit
aamcoypsilantimi.com,clearbit
kiaofcoatesville.com,clearbit
aeccglobal.ng,clearbit
jdimmigration.es,clearbit
menicon.co.uk,clearbit
job-impulse.mx,clearbit
bbraun.no,clearbit
meggle.it,clearbit
modshair-koeln-city.de,clearbit
hansa-flex.us,clearbit
krofian.de,clearbit
roca.co.id,clearbit
spitex-muellheim.ch,scrap_favicon
autosecuritaslemoule.fr,scrap_logo
prioritymanagementscotland.co.uk,clearbit
sto.com.tr,clearbit
kawasaki-herzog.de,scrap_logo
duluxarabia.com,clearbit
astrazeneca.pt,clearbit
mazda-autohaus-hohenfeld-dinslaken.de,scrap_favicon
yord.pl,clearbit
holidayland-reisebuero-stuppert.de,scrap_favicon
synlab.lt,clearbit
nestle.dk,clearbit
equans.co,clearbit
jdm.com.pe,clearbit
vans.co.nz,scrap_favicon
stanbicbank.co.ke,clearbit
plameco-bonn.de,clearbit
daikin.al,clearbit
yves-rocher.de,clearbit
ymcatrivalley.org,clearbit
wurth.es,clearbit
gjw-hessen.de,clearbit
lamannamovingny.com,failed
aamcoreynoldsburgoh.com,clearbit
engie.nl,clearbit
starkeypro.com.au,clearbit
kiatorun.pl,clearbit
johnsmedley.jp,scrap_favicon
medef-seine-estuaire.fr,clearbit
budgetglacier.com,clearbit
clearblueionizer.be,clearbit
toyota.com.la,clearbit
culliganofwestbranch.com,clearbit
pefc.se,clearbit
mazdaoflodi.com,clearbit
inductotherm-group-france.fr,clearbit
manpowergroup.gr,clearbit
aamcosantaanaca.com,scrap_logo
brother.co.il,clearbit
pingusenglish.vn,clearbit
kiaofmuncie.com,clearbit
ajaxtocco.de,clearbit
gs1hr.org,clearbit
greatplacetowork.is,clearbit
rotary.no,clearbit
dfsk.tn,clearbit
babgencel.de,clearbit
amway.ca,clearbit
asendia.es,clearbit
tbwa-entelia.com,clearbit
cdljovem.org.br,clearbit
carter-benson.com,clearbit
toyota-handler.at,scrap_favicon
aamcokansascitysouth.com,scrap_logo
sonepar.hu,clearbit
mitsubishielevator.co.kr,failed
vbh.ro,scrap_favicon
spitexkaiseraugst.ch,scrap_favicon
martinavenueshops.com,clearbit
ecochillers.net,clearbit
avonworldwide.com,clearbit
nestle.com.pe,clearbit
aamcostuartfl.com,clearbit
kumon.com.ar,clearbit
jysk.mk,clearbit
krautzberger.pl,clearbit
airbnb.co.kr,clearbit
kia-guenther-dingelstaedt.de,clearbit
pkfsingapore.com,clearbit
invisalign.de,clearbit
elderhouseadc.com,clearbit
bbraun.fi,clearbit
aonhewitt.com.cy,clearbit
pkf.com.cy,clearbit
crocs.com.pe,scrap_logo
solutions30.nl,clearbit
msmode.fr,clearbit
starkey.com.co,clearbit
starkeyjp.com,clearbit
renaultdelsol.com.mx,clearbit
habitatmichigan.org,clearbit
synlab-notes.com,clearbit
vivaconagua.at,clearbit
culliganredwing.com,clearbit
experianidworks.com,clearbit
adra.ca,clearbit
intersport-lesrousses.com,clearbit
nestle-esar.com,clearbit
lindt.co.za,clearbit
ymcalouisville.org,clearbit
aamcoranchocucamonga.com,scrap_logo
pkf-central-america.com,clearbit
mazda-autohaus-mork-rockenhausen.de,scrap_favicon
toyota.ae,clearbit
thelocal.at,clearbit
lindt.es,clearbit
nordicpharma.fr,clearbit
invisalign.ch,clearbit
cdvi.com,clearbit
mateco-hungary.hu,clearbit
sprachschule-aktiv-basel.ch,clearbit
einhell.rs,clearbit
narscosmetics.co.uk,clearbit
cinnabon.ca,clearbit
plastoplan.com,clearbit
filterteknik.dk,clearbit
kia-autoprodix.ru,clearbit
nestle.com.bo,clearbit
aeccglobal.vn,clearbit
hondabintang.com,clearbit
pamline.fr,clearbit
solatube.com.cn,clearbit
top-system.com.mk,scrap_logo
honda-saint-maur.com,scrap_favicon
patheon.kr,clearbit
jungheinrich.com.my,clearbit
actemium.nl,clearbit
crif.com.tr,clearbit
aamcocollegestationtx.com,clearbit
viessmann.ua,clearbit
casperscreensnorcal.com,failed
wuerth.bg,clearbit
vetpartners.fr,clearbit
berlitzhautsdefrance.fr,scrap_favicon
veolia.co.uk,clearbit
saint-gobain.mk,clearbit
pepsico.ua,clearbit
biothanesolutions.com,clearbit
hertz-tilburg.nl,clearbit
berlitz-bahrain.com,clearbit
gotchateausa.com,clearbit
aamcoredlandsca.com,clearbit
europa-union-hessen.de,clearbit
ibc-solar.cz,clearbit
nissanoflebanonnh.com,clearbit
ibc-solar.it,clearbit
solatube.no,clearbit
tapflo.by,clearbit
aamcocolumbus-clevelandave.com,scrap_logo
kelloggs.fr,clearbit
medef-htcis.com,clearbit
spitex-gersau.ch,scrap_favicon
aamconorwalk.com,clearbit
aamcorockvillemd.com,clearbit
pefc.org,clearbit
wuerth.dk,clearbit
kiaspringfield.co.za,clearbit
edenred.com.uy,clearbit
murrelektronik.sg,clearbit
ptsv-hof-minigolf.de,clearbit
zalando.co.uk,clearbit
mazda-autohaus-wuttke-gummersbach.de,scrap_favicon
kiaprimavera.com,clearbit
wurth.co.za,clearbit
ibc-solar.co.za,clearbit
grantthornton.do,clearbit
pmcorp.mx,clearbit
indianmotorcycle.com.ar,clearbit
holidayland-durmersheim.de,clearbit
axa.be,clearbit
allianz.is,clearbit
manpowergroup.ch,clearbit
kia-wandscher-oldenburg.de,clearbit
bestdrive.ie,clearbit
microbit.nl,clearbit
lamborghini-stuttgart.com,clearbit
hyundaigatineau.ca,clearbit
thegoodlobby.fr,clearbit
aiesec.org.rs,clearbit
airbnb.fr,clearbit
julis-bremen.de,clearbit
daikin-iraq.com,clearbit
aamcomanchesterct.com,clearbit
servier.com.ph,clearbit
adra.nl,clearbit
ymcatriangle.org,clearbit
nutricia.co.uk,clearbit
ajas.cz,clearbit
engie.com.au,clearbit
habitatcoosavalley.org,clearbit
europcar.rs,clearbit
mitsubishielectric.com.cn,failed
titancontainers.fr,clearbit
experianacademy.com,clearbit
equansservices.com,clearbit
wurth.nl,clearbit
mazda-autohaus-behrens-magdeburg-ottersleben.de,scrap_favicon
aamcobristolpa.com,clearbit
pragroup.no,clearbit
sitechnw.com,clearbit
nestle.co.kr,clearbit
aamcomanassasva.com,clearbit
rotary7610.org,clearbit
culliganstlouis.com,clearbit
ibc-solar.nl,clearbit
carlsjrmerida.com,clearbit
airbnb.cl,clearbit
whisky.de,clearbit
kia-car-center-wismar.de,scrap_favicon
msdinsight.no,clearbit
aamcospringfieldva.com,clearbit
aamcohightstownnj.com,clearbit
invisalign.ae,clearbit
aamcooflascruces.com,clearbit
electrolux.com.mx,clearbit
trikonclinicalwaste.co.uk,clearbit
airbnb.ru,clearbit
gjw-bb.de,clearbit
aamcogaithersburgmd.com,scrap_logo
ambiderm.com.gt,clearbit
metlife.com.bd,clearbit
lindt.com.au,clearbit
toyota-rambouillet.fr,clearbit
entergy-louisiana.com,clearbit
gwaliasweets.ca,scrap_logo
msd-animal-health.co.uk,clearbit
orange.md,clearbit
pepsico.pt,failed
entergy-arkansas.com,clearbit
kia-h-p-schiffweiler.de,scrap_favicon
ovb.gr,clearbit
toyotakocaelikaya.com.tr,clearbit
citychain.co.th,clearbit
mazda.com.tr,clearbit
tanameracoffee.com,clearbit
experian.com.my,clearbit
honda-lorient.com,clearbit
altriusconsulting.com,clearbit
secureparking.com.lb,clearbit
honda-caen.com,scrap_favicon
thelocal.dk,clearbit
desjoyauxgh.com,clearbit
culliganslc.com,clearbit
acuraoframsey.com,clearbit
aamcocantonga.com,clearbit
pepsico.ru,clearbit
boxful.com.tw,clearbit
soneparusa.com,clearbit
shimadzu.com.cn,failed
entergynewsroom.com,clearbit
wurth.pt,clearbit
enefitvolt.com,clearbit
pepsico.com.br,failed
rotarycoimbatoredowntown.org,failed
narscosmetics.fr,clearbit
kia-beyschlag.at,scrap_favicon
indianmotorcyclesturgis.com,clearbit
lindt.at,clearbit
titancontainers.ie,clearbit
seiban.com,failed
wedos.com,clearbit
maxus-norddeutschland.de,clearbit
aamco-duluthga.com,scrap_logo
autosecuritas-ducos.fr,scrap_logo
aamcosandiego-miramar.com,clearbit
spitex-romanshorn.ch,scrap_favicon
subway-franchise.fr,clearbit
gs1tn.org,clearbit
entergy-nuclear.com,clearbit
funiber.fr,clearbit
astrazeneca.com.hk,clearbit
whatsonsaudiarabia.com,clearbit
culliganofsouthwestwisconsin.com,clearbit
nhszketpo.hu,clearbit
culliganwisconsin.com,clearbit
brother.com.ar,clearbit
toysrus.com.bn,clearbit
narscosmetics.de,clearbit
shimadzu.co.kr,failed
santanderconsumer.se,clearbit
toyotaquezonavenue.com.ph,clearbit
adra.se,clearbit
schaumann.fr,clearbit
duraclean.net,clearbit
fainvestors.com,clearbit
bcurelaser.com,clearbit
aamcotopekaks.com,scrap_logo
savethechildren.org.uk,clearbit
intersport-alpedhuez.com,clearbit
synlab.com.ng,clearbit
overheaddoorsrichmond.com,clearbit
bizfilings.com,clearbit
synlab.mk,clearbit
savethechildren.es,clearbit
kia-engbert-datteln.de,clearbit
cdvi.fr,clearbit
culliganlemars.com,clearbit
nestle.com.uy,clearbit
bauder.fr,clearbit
pauldaviswi.com,clearbit
tbwa.it,clearbit
toyota-magny.fr,clearbit
culligansanantonio.com,clearbit
isuzuhanoi.com,clearbit
mcdonalds-mcdelivery.es,scrap_favicon
aamcoofgreensboro.com,clearbit
movingstarsinc.com,clearbit
nestle.com.ar,clearbit
pkfea.com,clearbit
aliaxis-me.com,clearbit
macma.pl,clearbit
pilotpen.hu,clearbit
mazda-autohaus-henn-weilamrhein.de,clearbit
berlitznouvelleaquitaine.fr,clearbit
servier.at,clearbit
cfmoto.com.tr,clearbit
viacon.fi,clearbit
kiairaqnim.com,clearbit
bbraun.cz,clearbit
analytik-jena.ru,clearbit
greatplacetowork.cn,clearbit
vkf-renzel.dk,clearbit
spie-osmo.de,clearbit
daad-australia.org,scrap_logo
equans.lu,clearbit
bestwesternbraddock.com,scrap_logo
middletemplevenue.org.uk,scrap_favicon
sealy.co.kr,clearbit
renault.jo,clearbit
aamcolubbock.com,clearbit
grantthornton.ci,clearbit
inhuntworld.com,clearbit
ardex.eu,clearbit
bauer-egypt.com,clearbit
lamborghini-frankfurt.com,clearbit
wordans.it,clearbit
siebtechnik-tema.nl,clearbit
toyotamacau.com,failed
sephora.fr,clearbit
stoag.ch,clearbit
amnesty.se,clearbit
demeter.it,clearbit
kia-lange-gosen.de,scrap_favicon
hawaiifamilydentalcareers.com,clearbit
bosch-pt.com.my,clearbit
shopee.co.id,clearbit
subwaypacific.com,clearbit
komoder.md,clearbit
aamcoportsmouthnh.com,scrap_logo
bimedasuramerica.com,clearbit
foxinaboxgoldcoast.com,clearbit
avispl.de,clearbit
duracell.fr,clearbit
isover.at,clearbit
affidea.ro,clearbit
allianz.lu,clearbit
honda-montpellier.com,clearbit
servier.sk,clearbit
gs1al.org,clearbit
naturesrewardcoloredcauliflower.com,scrap_logo
duracell-me.com,clearbit
zkteco.com.bd,clearbit
canon-its.co.jp,clearbit
medeforne.fr,clearbit
toyotacomauto.com,clearbit
disneychannel.co.za,clearbit
isover.be,clearbit
allianzim.com,clearbit
toysrus.pt,clearbit
lamborghini-rotterdam.nl,clearbit
titancontainers.co.uk,clearbit
peach.immo,clearbit
starbucks.in,clearbit
airbnb.hu,clearbit
veolianorthamerica.com,clearbit
spitex-bodensee.ch,scrap_favicon
mitsubishi-motors.com.ar,clearbit
culliganmonroe.com,clearbit
synlab.by,clearbit
cargoriga.ee,clearbit
aamcoreno.com,clearbit
soneparthailand.com,clearbit
bimedaus.com,clearbit
mtn.ng,clearbit
siebtechnik-tema.com.au,clearbit
pmsgen.com,clearbit
svnprovidence.com,clearbit
cinnabon.pk,clearbit
intersport.com.tr,clearbit
vamdodoma.ru,clearbit
heydudeshoes.es,clearbit
aamcoahwatukee.com,clearbit
spitexrl.ch,failed
amway.com.do,clearbit
asendia.se,clearbit
h2oinnovation.mx,clearbit
spitexampuls.ch,scrap_favicon
rotary5960.org,clearbit
holidayland-bruchkoebel.de,failed
baywa-re.co.kr,clearbit
zenithplasticsurgery.com,failed
hamburg.com,clearbit
bosch-wohnungsgesellschaft.de,clearbit
veka.hu,clearbit
medef-seineetmarne.fr,clearbit
greatplacetowork.com.au,clearbit
truemoney.com.vn,clearbit
aamcolakeworth.com,clearbit
foxinaboxzutphen.com,scrap_logo
toyotacommonwealth.com,scrap_favicon
aamcovancouver99.com,clearbit
aamcohackettstown.com,clearbit
subaruvilnius.lt,scrap_logo
freseniuskidneycare.asia,scrap_logo
gs1bg.org,clearbit
deheus.id,clearbit
greatplacetowork.com.mm,clearbit
entergy-mississippi.com,clearbit
thelocal.no,clearbit
kia-fischer-muenchberg.de,scrap_favicon
santander.com.mx,clearbit
spiegse.com,clearbit
experian.com.hk,clearbit
bbraun-vetcare.pt,scrap_logo
hsusports.com,scrap_logo
msd-animal-health.pl,clearbit
aamcohamptonva.com,clearbit
adecco.com.vn,clearbit
ardex.pl,scrap_logo
uxbistart.com,clearbit
asendia.sg,clearbit
pkfthailand.asia,clearbit
hansa-flex.co.uk,clearbit
rotary7620.org,clearbit
trulynolenbarueri.com.br,clearbit
spitexsense.ch,clearbit
cinnabon-egypt.com,clearbit
aon.co.nz,clearbit
eurofinsfoodtesting.com,clearbit
tupperware.nl,clearbit
desjoyaux.de,clearbit
greatplacetowork.at,clearbit
benu.ch,clearbit
workcircle.com,clearbit
wuerth.my,clearbit
airbnb.com.vn,clearbit
sonepar.co,clearbit
nordicpharma.ch,clearbit
mazda-autohaus-banaszak-wesel.de,scrap_favicon
msd-animal-health.com.au,clearbit
overheaddoorofterrehaute.com,clearbit
acurahonolulu.com,clearbit
spitexgraenichen.ch,scrap_favicon
kawasaki-center-koeln.de,clearbit
nikonimgsupport.com,clearbit
compo.es,clearbit
kynixsemiconductor.com,clearbit
seitenbachershop.com,scrap_favicon
aamcophoenixcentral.com,clearbit
diamond.co.id,clearbit
allianzpp.com,clearbit
enterprise.se,clearbit
ccusa.co.uk,clearbit
dhirajsonsonline.com,clearbit
stadtwerke-heidenheim-regio.de,clearbit
ekartlogistics.in,clearbit
remax-emblema.com.ar,clearbit
gjw-nd.de,clearbit
piccinifuels.it,clearbit
new-beauty.com,scrap_favicon
takedaoncology.com,clearbit
cgparivarconstruction.com,clearbit
kumon.com.uy,scrap_logo
zhcpa.cn,clearbit
titancontainers.at,clearbit
kia.com.co,clearbit
nordicpharma.es,clearbit
culligangrandrapids.com,clearbit
ebay.it,clearbit
dulux.co.za,clearbit
rsm.bh,clearbit
aamcoconcordnh.com,clearbit
nobleprog.com.ng,clearbit
aamcowalnutcreekca.com,clearbit
nestle.lt,clearbit
msd-animal-health.be,clearbit
veka.fr,clearbit
aamcocedarparktx.com,clearbit
delreg.com,clearbit
janegal.sk,clearbit
bbraun.co.th,clearbit
esseskincare.hk,clearbit
jetfriorefrigeracao.com.br,clearbit
designmehair.cz,clearbit
kia.co.sz,clearbit
digi-intl.co.jp,clearbit
pkfcs.co.nz,clearbit
lindt.dk,scrap_logo
norauto-empleo.es,clearbit
ymcatoledo.org,clearbit
sprachschule-aktiv-passau.de,clearbit
aeccglobal.lk,clearbit
nestle.com.bd,clearbit
pilotpen.ro,clearbit
actemium.se,clearbit
desjoyauxcreuse.com,failed
subaru.com.gt,clearbit
greatplacetowork.es,clearbit
bosch-climate.com.tr,clearbit
poliform-spb.ru,scrap_logo
vkf-renzel.hu,clearbit
papajohns.com.tr,clearbit
aamcogolflinks.com,clearbit
repsolsolgas.com,clearbit
spie-energotest.pl,clearbit
budget-ireland.co.uk,clearbit
bioderma.com,clearbit
misterwhat.com.br,scrap_logo
sompo-intl.com,clearbit
isuzuniaga.com,clearbit
sunnybrookprintshop.ca,clearbit
airbnb.si,scrap_favicon
desjoyaux.co.uk,clearbit
secom.vn,clearbit
aeccglobal.my,clearbit
stora-drain.be,clearbit
toolstationjobs.nl,clearbit
rcchurch.com,clearbit
aamcooklahomacity-northwest.com,clearbit
nexicentraleurope.com,scrap_favicon
eurofins.hr,clearbit
carglass.ma,scrap_logo
mazda-autohaus-huck-buehl.de,clearbit
statkraft.com.pe,clearbit
aonassurances.com,clearbit
mariagefreres.co.jp,clearbit
brother.com.mx,clearbit
medicover.de,clearbit
aamcotemeculaca.com,scrap_logo
allianz.ma,clearbit
aamcoantiochca.com,scrap_logo
aamcodowneyca.com,scrap_logo
katyawilliamsbridal.com,scrap_logo
cvjm-muenchberg.de,clearbit
shercomotorcycles.it,clearbit
le-tech.co.uk,clearbit
fft-ps.pl,clearbit
techmatrix-asia.com,clearbit
airbnb.ca,clearbit
airbnb.co.id,clearbit
ford.cl,scrap_favicon
papajohns.com.pk,clearbit
duracleanservices.net,clearbit
cedstone.ca,clearbit
spitex-gaeu.ch,scrap_favicon
hertz.yt,scrap_logo
nutrienagsolutions.ca,clearbit
shopee.com.mx,clearbit
tapflo.se,clearbit
nordicpharma.be,clearbit
aamcoblog.com,clearbit
aamcoglendaleca.com,clearbit
affidea.ch,clearbit
servier.com.pa,clearbit
toyota-lyonsud.fr,clearbit
salvationarmyflorida.org,clearbit
sonepar.cz,clearbit
lueck-gruppe.de,clearbit
aamcolexingtonwest.com,scrap_logo
mtn.cg,clearbit
culliganlansing.com,clearbit
kern-liebers.it,clearbit
dfcapital-investors.com,clearbit
statkraft.com.tr,clearbit
lyspoland.pl,failed
einhell.fi,clearbit
aamcosouthsarasota.com,clearbit
aamcobradenton.com,clearbit
tributek.com,scrap_favicon
gs1my.org,clearbit
dahmira.kz,scrap_logo
aamcofortlauderdale-dixiehwy.com,scrap_logo
wurth.sk,clearbit
sitech.fi,clearbit
grantthornton.co.im,clearbit
bosch-pt.com.cn,clearbit
kia-poeschl-bensheim.de,clearbit
bbraun.co.za,clearbit
santanderconsumer.fi,clearbit
pragroup.se,clearbit
cfmotoitaly.it,clearbit
daikin.eu,clearbit
topdoctors.cl,clearbit
exertisztorm.com,clearbit
aamcomcdonoughga.com,scrap_logo
toyota.com.np,clearbit
vbh.com.es,clearbit
aamcopuyallupwa.com,clearbit
cimbbank.com.vn,clearbit
hyundaicentralsales.com,clearbit
ampersand-world.com,clearbit
honda-chateauroux.com,clearbit
honda-mulhouse.com,scrap_favicon
kumon.com.pe,scrap_logo
lindt.com.mx,scrap_logo
edenred.cl,clearbit
honda-dijon.com,scrap_favicon
intersport.com.au,clearbit
funiber.org.co,clearbit
advantisengineering.com,clearbit
ccusa.sk,clearbit
freseniuskidneycare.au,scrap_logo
gs1lt.org,clearbit
amway.fr,clearbit
airbnb.am,clearbit
spitex-aarenord.ch,clearbit
linde.ch,clearbit
hps-guns.de,scrap_logo
mcdonalds.com.sg,clearbit
nestle.com.py,clearbit
rexel.ca,clearbit
stampinup.uk,clearbit
msmode.lu,clearbit
drinkculligan.com,clearbit
toyotadefence.com,clearbit
thelocal.fr,clearbit
medef-aura.fr,clearbit
avis-tahiti.com,clearbit
bees-sport.nl,clearbit
nextbikeczech.com,clearbit
spitex-wyland.ch,clearbit
aamcosanbernardinoca.com,scrap_logo
kumon.com.bo,scrap_logo
gjw-mv.de,clearbit
portadoors.com,clearbit
solatube.pt,clearbit
shimadzumea.com,clearbit
aamcotulsa-harvard.com,clearbit
aamcomcallen.com,clearbit
thebodyshop.ee,clearbit
adra.sk,clearbit
hertz.com.do,clearbit
harigmfg.com,clearbit
shopee.vn,clearbit
zkteco-ao.com,failed
howdentiger.com,scrap_logo
skoda-nancy.fr,scrap_logo
avon.co.mu,scrap_logo
aliaxis.pl,clearbit
mcdonalds-hh.de,failed
ccusa.co.za,clearbit
culliganallegan.com,clearbit
aamcorandallstownmd.com,clearbit
aamcolawrencevillega.com,clearbit
aamcocarync.com,clearbit
nissanmiddletownny.com,scrap_favicon
ebay.com.tw,failed
bbraun.cn,failed
enterprise.ae,scrap_favicon
brother.cn,failed
